participant,condition,task,timestamp,interval_s
Participant_1,Moving,Controls,637.75,59.440000000000055
Participant_1,Moving,Controls,696.71,58.960000000000036
Participant_1,Moving,Controls,754.13,57.41999999999996
Participant_1,Moving,Controls,781.92,27.789999999999964
Participant_1,Moving,Controls,826.29,44.370000000000005
Participant_1,Moving,Controls,834.3,8.009999999999991
Participant_1,Moving,Controls,846.89,12.590000000000032
Participant_1,Moving,Controls,905.54,58.64999999999998
Participant_1,Moving,Controls,951.18,45.639999999999986
Participant_1,Moving,Controls,1009.48,58.30000000000007
Participant_1,Moving,Controls,1096.77,87.28999999999996
Participant_1,Moving,Key,659.6,39.60000000000002
Participant_1,Moving,Key,702.61,43.00999999999999
Participant_1,Moving,Key,752.0,49.389999999999986
Participant_1,Moving,Key,808.81,56.809999999999945
Participant_1,Moving,Key,883.8,74.99000000000001
Participant_1,Moving,Key,927.01,43.210000000000036
Participant_1,Moving,Key,991.61,64.60000000000002
Participant_1,Moving,Key,1050.01,58.39999999999998
Participant_1,Moving,Key,1104.2,54.190000000000055
Participant_1,Moving,Visual,671.84,69.18000000000006
Participant_1,Moving,Visual,721.85,50.00999999999999
Participant_1,Moving,Visual,759.92,38.069999999999936
Participant_1,Moving,Visual,811.35,51.430000000000064
Participant_1,Moving,Visual,861.29,49.93999999999994
Participant_1,Moving,Visual,922.57,61.280000000000086
Participant_1,Moving,Visual,976.61,54.039999999999964
Participant_1,Moving,Visual,1047.83,71.21999999999991
Participant_1,Moving,Visual,1073.56,25.730000000000018
Participant_1,SemiStationary,Controls,209.53,58.03999999999999
Participant_1,SemiStationary,Controls,240.25,30.72
Participant_1,SemiStationary,Controls,282.48,42.23000000000002
Participant_1,SemiStationary,Controls,312.08,29.599999999999966
Participant_1,SemiStationary,Controls,328.26,16.180000000000007
Participant_1,SemiStationary,Controls,398.1,69.84000000000003
Participant_1,SemiStationary,Controls,449.86,51.75999999999999
Participant_1,SemiStationary,Controls,475.7,25.839999999999975
Participant_1,SemiStationary,Controls,525.17,49.46999999999997
Participant_1,SemiStationary,Controls,548.6,23.430000000000064
Participant_1,SemiStationary,Controls,611.62,63.01999999999998
Participant_1,SemiStationary,Key,223.81,95.00999999999999
Participant_1,SemiStationary,Key,257.81,34.0
Participant_1,SemiStationary,Key,310.61,52.80000000000001
Participant_1,SemiStationary,Key,374.81,64.19999999999999
Participant_1,SemiStationary,Key,395.61,20.80000000000001
Participant_1,SemiStationary,Key,472.81,77.19999999999999
Participant_1,SemiStationary,Key,531.21,58.400000000000034
Participant_1,SemiStationary,Key,557.8,26.589999999999918
Participant_1,SemiStationary,Key,602.81,45.00999999999999
Participant_1,SemiStationary,Visual,179.51,60.94999999999999
Participant_1,SemiStationary,Visual,258.57,79.06
Participant_1,SemiStationary,Visual,292.41,33.84000000000003
Participant_1,SemiStationary,Visual,332.84,40.42999999999995
Participant_1,SemiStationary,Visual,353.02,20.180000000000007
Participant_1,SemiStationary,Visual,422.65,69.63
Participant_1,SemiStationary,Visual,441.75,19.100000000000023
Participant_1,SemiStationary,Visual,503.7,61.94999999999999
Participant_1,SemiStationary,Visual,582.05,78.34999999999997
Participant_1,SemiStationary,Visual,634.81,52.75999999999999
Participant_1,Stationary,Controls,115.54,19.070000000000007
Participant_1,Stationary,Controls,168.82,53.27999999999999
Participant_1,Stationary,Controls,184.09,15.27000000000001
Participant_1,Stationary,Controls,187.65,3.5600000000000023
Participant_1,Stationary,Controls,200.77,13.120000000000005
Participant_1,Stationary,Controls,233.12,32.349999999999994
Participant_1,Stationary,Controls,259.09,25.96999999999997
Participant_1,Stationary,Controls,343.71,84.62
Participant_1,Stationary,Controls,349.55,5.840000000000032
Participant_1,Stationary,Controls,386.58,37.02999999999997
Participant_1,Stationary,Controls,399.96,13.379999999999995
Participant_1,Stationary,Controls,445.0,45.04000000000002
Participant_1,Stationary,Key,125.8,44.39
Participant_1,Stationary,Key,179.21,53.41000000000001
Participant_1,Stationary,Key,208.2,28.98999999999998
Participant_1,Stationary,Key,242.41,34.21000000000001
Participant_1,Stationary,Key,301.6,59.190000000000026
Participant_1,Stationary,Key,328.01,26.409999999999968
Participant_1,Stationary,Key,343.81,15.800000000000011
Participant_1,Stationary,Key,398.6,54.79000000000002
Participant_1,Stationary,Key,470.21,71.60999999999996
Participant_1,Stationary,Visual,143.93,64.84
Participant_1,Stationary,Visual,166.73,22.799999999999983
Participant_1,Stationary,Visual,203.31,36.58000000000001
Participant_1,Stationary,Visual,231.62,28.310000000000002
Participant_1,Stationary,Visual,274.93,43.31
Participant_1,Stationary,Visual,286.22,11.29000000000002
Participant_1,Stationary,Visual,326.62,40.39999999999998
Participant_1,Stationary,Visual,366.39,39.76999999999998
Participant_1,Stationary,Visual,423.42,57.03000000000003
Participant_1,Stationary,Visual,476.23,52.81
Participant_10,Moving,Controls,1054.03,67.05999999999995
Participant_10,Moving,Controls,1122.37,68.33999999999992
Participant_10,Moving,Controls,1152.74,30.37000000000012
Participant_10,Moving,Controls,1194.23,41.49000000000001
Participant_10,Moving,Controls,1286.05,91.81999999999994
Participant_10,Moving,Controls,1316.44,30.3900000000001
Participant_10,Moving,Key,1105.81,71.79999999999995
Participant_10,Moving,Key,1129.41,23.600000000000136
Participant_10,Moving,Key,1182.01,52.59999999999991
Participant_10,Moving,Key,1223.01,41.0
Participant_10,Moving,Key,1260.21,37.200000000000045
Participant_10,Moving,Key,1347.81,87.59999999999991
Participant_10,Moving,Visual,1064.33,57.42999999999995
Participant_10,Moving,Visual,1133.46,69.13000000000011
Participant_10,Moving,Visual,1172.94,39.48000000000002
Participant_10,Moving,Visual,1207.19,34.25
Participant_10,Moving,Visual,1239.13,31.940000000000055
Participant_10,Moving,Visual,1303.05,63.919999999999845
Participant_10,SemiStationary,Controls,338.75,2.3000000000000114
Participant_10,SemiStationary,Controls,408.36,69.61000000000001
Participant_10,SemiStationary,Controls,442.52,34.15999999999997
Participant_10,SemiStationary,Controls,485.82,43.30000000000001
Participant_10,SemiStationary,Controls,516.7,30.880000000000052
Participant_10,SemiStationary,Controls,596.82,80.12
Participant_10,SemiStationary,Controls,623.65,26.829999999999927
Participant_10,SemiStationary,Key,399.8,35.80000000000001
Participant_10,SemiStationary,Key,467.0,67.19999999999999
Participant_10,SemiStationary,Key,495.4,28.399999999999977
Participant_10,SemiStationary,Key,559.41,64.00999999999999
Participant_10,SemiStationary,Key,613.8,54.389999999999986
Participant_10,SemiStationary,Key,689.4,75.60000000000002
Participant_10,SemiStationary,Visual,389.9,38.01999999999998
Participant_10,SemiStationary,Visual,429.76,39.860000000000014
Participant_10,SemiStationary,Visual,501.32,71.56
Participant_10,SemiStationary,Visual,539.02,37.69999999999999
Participant_10,SemiStationary,Visual,583.74,44.72000000000003
Participant_10,SemiStationary,Visual,642.5,58.75999999999999
Participant_10,Stationary,Controls,128.78,31.22
Participant_10,Stationary,Controls,198.75,69.97
Participant_10,Stationary,Controls,239.07,40.31999999999999
Participant_10,Stationary,Controls,270.26,31.189999999999998
Participant_10,Stationary,Controls,331.97,61.710000000000036
Participant_10,Stationary,Controls,369.94,37.96999999999997
Participant_10,Stationary,Key,142.4,26.790000000000006
Participant_10,Stationary,Key,202.21,59.81
Participant_10,Stationary,Key,217.81,15.599999999999994
Participant_10,Stationary,Key,288.81,71.0
Participant_10,Stationary,Key,315.81,27.0
Participant_10,Stationary,Key,362.81,47.0
Participant_10,Stationary,Visual,157.8,44.63000000000001
Participant_10,Stationary,Visual,185.35,27.549999999999983
Participant_10,Stationary,Visual,221.43,36.08000000000001
Participant_10,Stationary,Visual,259.0,37.56999999999999
Participant_10,Stationary,Visual,304.67,45.670000000000016
Participant_10,Stationary,Visual,349.92,45.25
Participant_11,Moving,Controls,568.87,119.32999999999998
Participant_11,Moving,Controls,615.56,46.68999999999994
Participant_11,Moving,Controls,692.74,77.18000000000006
Participant_11,Moving,Controls,744.3,51.559999999999945
Participant_11,Moving,Controls,801.97,57.67000000000007
Participant_11,Moving,Controls,884.06,82.08999999999992
Participant_11,Moving,Key,595.4,64.60000000000002
Participant_11,Moving,Key,672.0,76.60000000000002
Participant_11,Moving,Key,730.01,58.00999999999999
Participant_11,Moving,Key,730.21,0.20000000000004547
Participant_11,Moving,Key,870.41,140.19999999999993
Participant_11,Moving,Key,926.01,55.60000000000002
Participant_11,Moving,Visual,547.83,85.03000000000003
Participant_11,Moving,Visual,642.74,94.90999999999997
Participant_11,Moving,Visual,681.63,38.889999999999986
Participant_11,Moving,Visual,773.15,91.51999999999998
Participant_11,Moving,Visual,792.35,19.200000000000045
Participant_11,Moving,Visual,902.64,110.28999999999996
Participant_11,SemiStationary,Controls,643.25,60.75
Participant_11,SemiStationary,Controls,724.89,81.63999999999999
Participant_11,SemiStationary,Controls,776.72,51.83000000000004
Participant_11,SemiStationary,Controls,814.37,37.64999999999998
Participant_11,SemiStationary,Controls,860.24,45.870000000000005
Participant_11,SemiStationary,Controls,927.09,66.85000000000002
Participant_11,SemiStationary,Key,692.8,64.78999999999996
Participant_11,SemiStationary,Key,754.4,61.60000000000002
Participant_11,SemiStationary,Key,799.61,45.210000000000036
Participant_11,SemiStationary,Key,845.41,45.799999999999955
Participant_11,SemiStationary,Key,898.4,52.99000000000001
Participant_11,SemiStationary,Key,962.21,63.81000000000006
Participant_11,SemiStationary,Visual,664.32,60.110000000000014
Participant_11,SemiStationary,Visual,706.57,42.25
Participant_11,SemiStationary,Visual,766.46,59.889999999999986
Participant_11,SemiStationary,Visual,833.2,66.74000000000001
Participant_11,SemiStationary,Visual,878.42,45.219999999999914
Participant_11,SemiStationary,Visual,911.8,33.379999999999995
Participant_11,Stationary,Controls,581.95,61.610000000000014
Participant_11,Stationary,Controls,595.75,13.799999999999955
Participant_11,Stationary,Controls,712.99,117.24000000000001
Participant_11,Stationary,Controls,783.61,70.62
Participant_11,Stationary,Controls,861.99,78.38
Participant_11,Stationary,Controls,895.54,33.549999999999955
Participant_11,Stationary,Key,562.0,83.19
Participant_11,Stationary,Key,673.01,111.00999999999999
Participant_11,Stationary,Key,744.81,71.79999999999995
Participant_11,Stationary,Key,815.61,70.80000000000007
Participant_11,Stationary,Key,876.01,60.39999999999998
Participant_11,Stationary,Key,946.6,70.59000000000003
Participant_11,Stationary,Visual,572.52,82.52999999999997
Participant_11,Stationary,Visual,619.38,46.860000000000014
Participant_11,Stationary,Visual,697.79,78.40999999999997
Participant_11,Stationary,Visual,760.66,62.870000000000005
Participant_11,Stationary,Visual,843.91,83.25
Participant_11,Stationary,Visual,922.49,78.58000000000004
Participant_12,Moving,Controls,708.71,83.74000000000001
Participant_12,Moving,Controls,768.38,59.66999999999996
Participant_12,Moving,Controls,831.68,63.299999999999955
Participant_12,Moving,Controls,859.05,27.370000000000005
Participant_12,Moving,Controls,913.16,54.110000000000014
Participant_12,Moving,Controls,970.07,56.91000000000008
Participant_12,Moving,Key,713.41,72.20999999999992
Participant_12,Moving,Key,812.61,99.20000000000005
Participant_12,Moving,Key,841.42,28.809999999999945
Participant_12,Moving,Key,872.2,30.780000000000086
Participant_12,Moving,Key,945.41,73.20999999999992
Participant_12,Moving,Key,991.0,45.59000000000003
Participant_12,Moving,Visual,666.32,59.06000000000006
Participant_12,Moving,Visual,798.16,131.83999999999992
Participant_12,Moving,Visual,844.3,46.139999999999986
Participant_12,Moving,Visual,882.92,38.620000000000005
Participant_12,Moving,Visual,901.27,18.350000000000023
Participant_12,Moving,Visual,960.71,59.440000000000055
Participant_12,SemiStationary,Controls,428.59,48.41999999999996
Participant_12,SemiStationary,Controls,455.14,26.55000000000001
Participant_12,SemiStationary,Controls,514.7,59.56000000000006
Participant_12,SemiStationary,Controls,566.6,51.89999999999998
Participant_12,SemiStationary,Controls,624.17,57.569999999999936
Participant_12,SemiStationary,Controls,666.11,41.940000000000055
Participant_12,SemiStationary,Key,441.81,49.19999999999999
Participant_12,SemiStationary,Key,485.61,43.80000000000001
Participant_12,SemiStationary,Key,529.41,43.799999999999955
Participant_12,SemiStationary,Key,581.61,52.200000000000045
Participant_12,SemiStationary,Key,622.6,40.99000000000001
Participant_12,SemiStationary,Key,696.21,73.61000000000001
Participant_12,SemiStationary,Visual,411.24,12.560000000000002
Participant_12,SemiStationary,Visual,467.85,56.610000000000014
Participant_12,SemiStationary,Visual,495.83,27.97999999999996
Participant_12,SemiStationary,Visual,550.01,54.18000000000001
Participant_12,SemiStationary,Visual,607.21,57.200000000000045
Participant_12,SemiStationary,Visual,646.69,39.48000000000002
Participant_12,Stationary,Controls,603.43,91.34999999999991
Participant_12,Stationary,Controls,630.15,26.720000000000027
Participant_12,Stationary,Controls,690.17,60.01999999999998
Participant_12,Stationary,Controls,722.37,32.200000000000045
Participant_12,Stationary,Controls,763.92,41.549999999999955
Participant_12,Stationary,Controls,807.37,43.450000000000045
Participant_12,Stationary,Key,617.61,49.210000000000036
Participant_12,Stationary,Key,655.01,37.39999999999998
Participant_12,Stationary,Key,706.01,51.0
Participant_12,Stationary,Key,747.6,41.59000000000003
Participant_12,Stationary,Key,780.61,33.00999999999999
Participant_12,Stationary,Key,803.4,22.789999999999964
Participant_12,Stationary,Visual,592.83,59.04000000000008
Participant_12,Stationary,Visual,648.2,55.370000000000005
Participant_12,Stationary,Visual,678.13,29.92999999999995
Participant_12,Stationary,Visual,736.03,57.89999999999998
Participant_12,Stationary,Visual,776.0,39.97000000000003
Participant_12,Stationary,Visual,791.14,15.139999999999986
Participant_13,Moving,Controls,403.59,121.36999999999995
Participant_13,Moving,Controls,490.26,86.67000000000002
Participant_13,Moving,Controls,565.82,75.56000000000006
Participant_13,Moving,Controls,611.91,46.08999999999992
Participant_13,Moving,Controls,642.57,30.660000000000082
Participant_13,Moving,Controls,788.95,146.38
Participant_13,Moving,Key,445.61,73.80000000000001
Participant_13,Moving,Key,525.6,79.99000000000001
Participant_13,Moving,Key,562.81,37.20999999999992
Participant_13,Moving,Key,626.81,64.0
Participant_13,Moving,Key,715.8,88.99000000000001
Participant_13,Moving,Key,936.81,221.01
Participant_13,Moving,Visual,393.22,125.47000000000003
Participant_13,Moving,Visual,473.12,79.89999999999998
Participant_13,Moving,Visual,545.89,72.76999999999998
Participant_13,Moving,Visual,590.16,44.26999999999998
Participant_13,Moving,Visual,666.86,76.70000000000005
Participant_13,Moving,Visual,751.89,85.02999999999997
Participant_13,SemiStationary,Controls,1331.09,87.31999999999994
Participant_13,SemiStationary,Controls,1426.83,95.74000000000001
Participant_13,SemiStationary,Controls,1499.55,72.72000000000003
Participant_13,SemiStationary,Controls,1591.43,91.88000000000011
Participant_13,SemiStationary,Controls,1670.39,78.96000000000004
Participant_13,SemiStationary,Controls,1729.84,59.44999999999982
Participant_13,SemiStationary,Key,1392.61,102.0
Participant_13,SemiStationary,Key,1481.61,89.0
Participant_13,SemiStationary,Key,1571.81,90.20000000000005
Participant_13,SemiStationary,Key,1635.01,63.200000000000045
Participant_13,SemiStationary,Key,1717.61,82.59999999999991
Participant_13,SemiStationary,Key,1776.21,58.600000000000136
Participant_13,SemiStationary,Visual,1310.36,83.9699999999998
Participant_13,SemiStationary,Visual,1409.44,99.08000000000015
Participant_13,SemiStationary,Visual,1516.57,107.12999999999988
Participant_13,SemiStationary,Visual,1604.51,87.94000000000005
Participant_13,SemiStationary,Visual,1654.85,50.33999999999992
Participant_13,SemiStationary,Visual,1751.49,96.6400000000001
Participant_13,Stationary,Controls,272.87,53.400000000000006
Participant_13,Stationary,Controls,294.91,22.04000000000002
Participant_13,Stationary,Controls,357.63,62.71999999999997
Participant_13,Stationary,Controls,370.23,12.600000000000023
Participant_13,Stationary,Controls,437.04,66.81
Participant_13,Stationary,Controls,475.82,38.77999999999997
Participant_13,Stationary,Key,283.21,40.99999999999997
Participant_13,Stationary,Key,304.01,20.80000000000001
Participant_13,Stationary,Key,337.01,33.0
Participant_13,Stationary,Key,386.41,49.400000000000034
Participant_13,Stationary,Key,458.81,72.39999999999998
Participant_13,Stationary,Key,513.01,54.19999999999999
Participant_13,Stationary,Visual,259.91,53.30000000000001
Participant_13,Stationary,Visual,318.81,58.89999999999998
Participant_13,Stationary,Visual,342.56,23.75
Participant_13,Stationary,Visual,400.02,57.45999999999998
Participant_13,Stationary,Visual,426.72,26.700000000000045
Participant_13,Stationary,Visual,494.68,67.95999999999998
Participant_14,Moving,Controls,387.78,39.14999999999998
Participant_14,Moving,Controls,440.27,52.49000000000001
Participant_14,Moving,Controls,515.29,75.01999999999998
Participant_14,Moving,Controls,564.07,48.780000000000086
Participant_14,Moving,Controls,628.93,64.8599999999999
Participant_14,Moving,Controls,663.45,34.520000000000095
Participant_14,Moving,Key,417.61,40.80000000000001
Participant_14,Moving,Key,498.4,80.78999999999996
Participant_14,Moving,Key,554.0,55.60000000000002
Participant_14,Moving,Key,576.61,22.610000000000014
Participant_14,Moving,Key,644.2,67.59000000000003
Participant_14,Moving,Key,692.61,48.40999999999997
Participant_14,Moving,Visual,406.4,32.81
Participant_14,Moving,Visual,470.79,64.39000000000004
Participant_14,Moving,Visual,531.38,60.589999999999975
Participant_14,Moving,Visual,589.93,58.549999999999955
Participant_14,Moving,Visual,613.32,23.3900000000001
Participant_14,Moving,Visual,679.72,66.39999999999998
Participant_14,SemiStationary,Controls,553.46,30.50999999999999
Participant_14,SemiStationary,Controls,608.64,55.17999999999995
Participant_14,SemiStationary,Controls,710.29,101.64999999999998
Participant_14,SemiStationary,Controls,773.9,63.610000000000014
Participant_14,SemiStationary,Controls,783.31,9.409999999999968
Participant_14,SemiStationary,Controls,862.25,78.94000000000005
Participant_14,SemiStationary,Key,592.81,59.00999999999999
Participant_14,SemiStationary,Key,694.01,101.20000000000005
Participant_14,SemiStationary,Key,744.2,50.190000000000055
Participant_14,SemiStationary,Key,760.6,16.399999999999977
Participant_14,SemiStationary,Key,821.6,61.0
Participant_14,SemiStationary,Key,873.81,52.20999999999992
Participant_14,SemiStationary,Visual,576.06,62.809999999999945
Participant_14,SemiStationary,Visual,627.41,51.35000000000002
Participant_14,SemiStationary,Visual,730.44,103.03000000000009
Participant_14,SemiStationary,Visual,763.19,32.75
Participant_14,SemiStationary,Visual,805.47,42.27999999999997
Participant_14,SemiStationary,Visual,841.3,35.82999999999993
Participant_14,Stationary,Controls,92.08,28.439999999999998
Participant_14,Stationary,Controls,134.9,42.82000000000001
Participant_14,Stationary,Controls,176.92,42.01999999999998
Participant_14,Stationary,Controls,185.75,8.830000000000013
Participant_14,Stationary,Controls,229.34,43.59
Participant_14,Stationary,Controls,267.32,37.97999999999999
Participant_14,Stationary,Key,117.2,32.59
Participant_14,Stationary,Key,130.41,13.209999999999994
Participant_14,Stationary,Key,175.0,44.59
Participant_14,Stationary,Key,196.61,21.610000000000014
Participant_14,Stationary,Key,232.6,35.98999999999998
Participant_14,Stationary,Key,266.0,33.400000000000006
Participant_14,Stationary,Visual,109.49,29.5
Participant_14,Stationary,Visual,151.17,41.67999999999999
Participant_14,Stationary,Visual,161.13,9.960000000000008
Participant_14,Stationary,Visual,202.8,41.670000000000016
Participant_14,Stationary,Visual,217.3,14.5
Participant_14,Stationary,Visual,250.68,33.379999999999995
Participant_15,Moving,Controls,1650.83,123.75
Participant_15,Moving,Controls,1920.64,269.8100000000002
Participant_15,Moving,Controls,2084.26,163.62000000000012
Participant_15,Moving,Controls,2304.24,219.97999999999956
Participant_15,Moving,Controls,2465.19,160.95000000000027
Participant_15,Moving,Controls,2600.02,134.82999999999993
Participant_15,Moving,Key,1887.41,250.80000000000018
Participant_15,Moving,Key,2071.01,183.60000000000014
Participant_15,Moving,Key,2293.6,222.5899999999997
Participant_15,Moving,Key,2432.61,139.01000000000022
Participant_15,Moving,Key,2556.41,123.79999999999973
Participant_15,Moving,Key,2684.01,127.60000000000036
Participant_15,Moving,Visual,1671.95,129.61000000000013
Participant_15,Moving,Visual,1906.25,234.29999999999995
Participant_15,Moving,Visual,2108.56,202.30999999999995
Participant_15,Moving,Visual,2313.84,205.2800000000002
Participant_15,Moving,Visual,2449.39,135.54999999999973
Participant_15,Moving,Visual,2577.72,128.32999999999993
Participant_15,SemiStationary,Controls,435.63,90.68
Participant_15,SemiStationary,Controls,520.07,84.44000000000005
Participant_15,SemiStationary,Controls,574.67,54.59999999999991
Participant_15,SemiStationary,Controls,657.67,83.0
Participant_15,SemiStationary,Controls,748.04,90.37
Participant_15,SemiStationary,Controls,820.28,72.24000000000001
Participant_15,SemiStationary,Key,480.41,85.20000000000005
Participant_15,SemiStationary,Key,554.2,73.79000000000002
Participant_15,SemiStationary,Key,629.0,74.79999999999995
Participant_15,SemiStationary,Key,709.4,80.39999999999998
Participant_15,SemiStationary,Key,769.41,60.00999999999999
Participant_15,SemiStationary,Key,844.41,75.0
Participant_15,SemiStationary,Visual,424.14,66.44
Participant_15,SemiStationary,Visual,505.12,80.98000000000002
Participant_15,SemiStationary,Visual,587.09,81.97000000000003
Participant_15,SemiStationary,Visual,646.07,58.98000000000002
Participant_15,SemiStationary,Visual,731.94,85.87
Participant_15,SemiStationary,Visual,797.59,65.64999999999998
Participant_15,Stationary,Controls,239.28,53.110000000000014
Participant_15,Stationary,Controls,290.25,50.97
Participant_15,Stationary,Controls,355.3,65.05000000000001
Participant_15,Stationary,Controls,412.18,56.879999999999995
Participant_15,Stationary,Controls,472.81,60.629999999999995
Participant_15,Stationary,Controls,501.81,29.0
Participant_15,Stationary,Key,272.61,52.0
Participant_15,Stationary,Key,319.0,46.389999999999986
Participant_15,Stationary,Key,374.2,55.19999999999999
Participant_15,Stationary,Key,441.01,66.81
Participant_15,Stationary,Key,484.6,43.59000000000003
Participant_15,Stationary,Key,570.6,86.0
Participant_15,Stationary,Visual,263.41,66.03000000000003
Participant_15,Stationary,Visual,311.43,48.01999999999998
Participant_15,Stationary,Visual,335.68,24.25
Participant_15,Stationary,Visual,393.35,57.670000000000016
Participant_15,Stationary,Visual,460.5,67.14999999999998
Participant_15,Stationary,Visual,528.72,68.22000000000003
Participant_16,Moving,Controls,363.19,85.29000000000002
Participant_16,Moving,Controls,448.58,85.38999999999999
Participant_16,Moving,Controls,505.41,56.83000000000004
Participant_16,Moving,Controls,582.01,76.59999999999997
Participant_16,Moving,Controls,627.73,45.72000000000003
Participant_16,Moving,Controls,698.34,70.61000000000001
Participant_16,Moving,Key,402.01,51.0
Participant_16,Moving,Key,475.01,73.0
Participant_16,Moving,Key,539.0,63.99000000000001
Participant_16,Moving,Key,611.6,72.60000000000002
Participant_16,Moving,Key,687.41,75.80999999999995
Participant_16,Moving,Key,737.0,49.59000000000003
Participant_16,Moving,Visual,391.17,95.50999999999999
Participant_16,Moving,Visual,432.1,40.93000000000001
Participant_16,Moving,Visual,488.59,56.48999999999995
Participant_16,Moving,Visual,568.54,79.94999999999999
Participant_16,Moving,Visual,650.15,81.61000000000001
Participant_16,Moving,Visual,716.67,66.51999999999998
Participant_16,SemiStationary,Controls,642.81,61.33999999999992
Participant_16,SemiStationary,Controls,668.12,25.31000000000006
Participant_16,SemiStationary,Controls,729.88,61.75999999999999
Participant_16,SemiStationary,Controls,799.57,69.69000000000005
Participant_16,SemiStationary,Controls,874.2,74.63
Participant_16,SemiStationary,Controls,947.85,73.64999999999998
Participant_16,SemiStationary,Key,654.41,42.19999999999993
Participant_16,SemiStationary,Key,705.6,51.190000000000055
Participant_16,SemiStationary,Key,769.81,64.20999999999992
Participant_16,SemiStationary,Key,840.61,70.80000000000007
Participant_16,SemiStationary,Key,932.01,91.39999999999998
Participant_16,SemiStationary,Key,1014.21,82.20000000000005
Participant_16,SemiStationary,Visual,633.9,29.42999999999995
Participant_16,SemiStationary,Visual,693.98,60.08000000000004
Participant_16,SemiStationary,Visual,714.49,20.50999999999999
Participant_16,SemiStationary,Visual,788.28,73.78999999999996
Participant_16,SemiStationary,Visual,862.61,74.33000000000004
Participant_16,SemiStationary,Visual,962.3,99.68999999999994
Participant_16,Stationary,Controls,662.23,56.25999999999999
Participant_16,Stationary,Controls,788.32,126.09000000000003
Participant_16,Stationary,Controls,835.51,47.18999999999994
Participant_16,Stationary,Controls,893.47,57.960000000000036
Participant_16,Stationary,Controls,956.2,62.73000000000002
Participant_16,Stationary,Controls,1002.83,46.629999999999995
Participant_16,Stationary,Key,777.0,129.19000000000005
Participant_16,Stationary,Key,823.01,46.00999999999999
Participant_16,Stationary,Key,884.61,61.60000000000002
Participant_16,Stationary,Key,944.21,59.60000000000002
Participant_16,Stationary,Key,995.21,51.0
Participant_16,Stationary,Key,1027.21,32.0
Participant_16,Stationary,Visual,703.57,81.86000000000001
Participant_16,Stationary,Visual,805.68,102.1099999999999
Participant_16,Stationary,Visual,860.09,54.41000000000008
Participant_16,Stationary,Visual,910.52,50.42999999999995
Participant_16,Stationary,Visual,981.95,71.43000000000006
Participant_16,Stationary,Visual,1021.5,39.549999999999955
Participant_17,Moving,Controls,1362.47,145.07999999999993
Participant_17,Moving,Controls,1401.3,38.82999999999993
Participant_17,Moving,Controls,1546.75,145.45000000000005
Participant_17,Moving,Controls,1739.46,192.71000000000004
Participant_17,Moving,Controls,1819.13,79.67000000000007
Participant_17,Moving,Controls,1910.75,91.61999999999989
Participant_17,Moving,Key,1526.6,189.0
Participant_17,Moving,Key,1727.61,201.01
Participant_17,Moving,Key,1798.0,70.3900000000001
Participant_17,Moving,Key,1892.61,94.6099999999999
Participant_17,Moving,Key,1983.81,91.20000000000005
Participant_17,Moving,Visual,1387.92,150.0
Participant_17,Moving,Visual,1435.34,47.419999999999845
Participant_17,Moving,Visual,1574.31,138.97000000000003
Participant_17,Moving,Visual,1762.55,188.24
Participant_17,Moving,Visual,1836.1,73.54999999999995
Participant_17,Moving,Visual,1929.45,93.35000000000014
Participant_17,SemiStationary,Controls,488.87,31.00999999999999
Participant_17,SemiStationary,Controls,540.52,51.64999999999998
Participant_17,SemiStationary,Controls,589.42,48.89999999999998
Participant_17,SemiStationary,Controls,667.97,78.55000000000007
Participant_17,SemiStationary,Controls,789.16,121.18999999999994
Participant_17,SemiStationary,Controls,848.77,59.610000000000014
Participant_17,SemiStationary,Key,523.2,54.990000000000066
Participant_17,SemiStationary,Key,573.81,50.6099999999999
Participant_17,SemiStationary,Key,646.21,72.40000000000009
Participant_17,SemiStationary,Key,742.01,95.79999999999995
Participant_17,SemiStationary,Key,829.81,87.79999999999995
Participant_17,SemiStationary,Key,910.81,81.0
Participant_17,SemiStationary,Visual,510.45,80.63999999999999
Participant_17,SemiStationary,Visual,563.19,52.740000000000066
Participant_17,SemiStationary,Visual,607.91,44.719999999999914
Participant_17,SemiStationary,Visual,703.24,95.33000000000004
Participant_17,SemiStationary,Visual,774.47,71.23000000000002
Participant_17,SemiStationary,Visual,866.06,91.58999999999992
Participant_17,Stationary,Controls,308.55,10.560000000000002
Participant_17,Stationary,Controls,409.03,100.47999999999996
Participant_17,Stationary,Controls,448.66,39.63000000000005
Participant_17,Stationary,Controls,481.06,32.39999999999998
Participant_17,Stationary,Controls,525.02,43.95999999999998
Participant_17,Stationary,Controls,586.53,61.50999999999999
Participant_17,Stationary,Key,364.61,68.60000000000002
Participant_17,Stationary,Key,417.61,53.0
Participant_17,Stationary,Key,467.2,49.589999999999975
Participant_17,Stationary,Key,490.41,23.210000000000036
Participant_17,Stationary,Key,523.81,33.39999999999992
Participant_17,Stationary,Key,564.81,41.0
Participant_17,Stationary,Visual,338.89,55.120000000000005
Participant_17,Stationary,Visual,392.43,53.54000000000002
Participant_17,Stationary,Visual,436.4,43.96999999999997
Participant_17,Stationary,Visual,504.37,67.97000000000003
Participant_17,Stationary,Visual,549.04,44.66999999999996
Participant_17,Stationary,Visual,570.01,20.970000000000027
Participant_18,Moving,Controls,549.12,63.10000000000002
Participant_18,Moving,Controls,644.68,95.55999999999995
Participant_18,Moving,Controls,747.05,102.37
Participant_18,Moving,Controls,802.69,55.6400000000001
Participant_18,Moving,Controls,899.82,97.13
Participant_18,Moving,Controls,964.91,65.08999999999992
Participant_18,Moving,Key,596.0,95.0
Participant_18,Moving,Key,717.81,121.80999999999995
Participant_18,Moving,Key,787.81,70.0
Participant_18,Moving,Key,877.81,90.0
Participant_18,Moving,Key,950.2,72.3900000000001
Participant_18,Moving,Key,1010.61,60.40999999999997
Participant_18,Moving,Visual,522.15,52.620000000000005
Participant_18,Moving,Visual,673.67,151.51999999999998
Participant_18,Moving,Visual,766.62,92.95000000000005
Participant_18,Moving,Visual,824.92,58.299999999999955
Participant_18,Moving,Visual,921.48,96.56000000000006
Participant_18,Moving,Visual,982.53,61.049999999999955
Participant_18,SemiStationary,Controls,541.89,64.80000000000001
Participant_18,SemiStationary,Controls,584.67,42.77999999999997
Participant_18,SemiStationary,Controls,665.18,80.50999999999999
Participant_18,SemiStationary,Controls,731.35,66.17000000000007
Participant_18,SemiStationary,Controls,796.27,64.91999999999996
Participant_18,SemiStationary,Controls,875.5,79.23000000000002
Participant_18,SemiStationary,Key,568.61,73.41000000000003
Participant_18,SemiStationary,Key,633.4,64.78999999999996
Participant_18,SemiStationary,Key,686.6,53.200000000000045
Participant_18,SemiStationary,Key,781.01,94.40999999999997
Participant_18,SemiStationary,Key,860.61,79.60000000000002
Participant_18,SemiStationary,Key,902.41,41.799999999999955
Participant_18,SemiStationary,Visual,523.25,64.88
Participant_18,SemiStationary,Visual,601.66,78.40999999999997
Participant_18,SemiStationary,Visual,649.24,47.58000000000004
Participant_18,SemiStationary,Visual,714.29,65.04999999999995
Participant_18,SemiStationary,Visual,815.66,101.37
Participant_18,SemiStationary,Visual,894.73,79.07000000000005
Participant_18,Stationary,Controls,1619.93,53.01999999999998
Participant_18,Stationary,Controls,1723.97,104.03999999999996
Participant_18,Stationary,Controls,1786.73,62.75999999999999
Participant_18,Stationary,Controls,1868.45,81.72000000000003
Participant_18,Stationary,Controls,1931.69,63.24000000000001
Participant_18,Stationary,Controls,1972.59,40.899999999999864
Participant_18,Stationary,Key,1691.41,95.81000000000017
Participant_18,Stationary,Key,1748.2,56.789999999999964
Participant_18,Stationary,Key,1841.4,93.20000000000005
Participant_18,Stationary,Key,1894.21,52.809999999999945
Participant_18,Stationary,Key,1956.01,61.799999999999955
Participant_18,Stationary,Key,1998.2,42.190000000000055
Participant_18,Stationary,Visual,1650.99,100.24000000000001
Participant_18,Stationary,Visual,1704.08,53.08999999999992
Participant_18,Stationary,Visual,1768.26,64.18000000000006
Participant_18,Stationary,Visual,1854.0,85.74000000000001
Participant_18,Stationary,Visual,1914.76,60.75999999999999
Participant_18,Stationary,Visual,1996.63,81.87000000000012
Participant_19,Moving,Controls,475.77,36.69999999999999
Participant_19,Moving,Controls,547.97,72.20000000000005
Participant_19,Moving,Controls,635.87,87.89999999999998
Participant_19,Moving,Controls,768.71,132.84000000000003
Participant_19,Moving,Controls,857.77,89.05999999999995
Participant_19,Moving,Controls,906.56,48.789999999999964
Participant_19,Moving,Key,535.61,99.60000000000002
Participant_19,Moving,Key,608.6,72.99000000000001
Participant_19,Moving,Key,726.0,117.39999999999998
Participant_19,Moving,Key,816.2,90.20000000000005
Participant_19,Moving,Key,884.41,68.20999999999992
Participant_19,Moving,Key,941.61,57.200000000000045
Participant_19,Moving,Visual,462.89,38.0
Participant_19,Moving,Visual,584.63,121.74000000000001
Participant_19,Moving,Visual,624.62,39.99000000000001
Participant_19,Moving,Visual,747.92,123.29999999999995
Participant_19,Moving,Visual,841.96,94.04000000000008
Participant_19,Moving,Visual,896.31,54.34999999999991
Participant_19,SemiStationary,Controls,1462.89,37.710000000000036
Participant_19,SemiStationary,Controls,1534.8,71.90999999999985
Participant_19,SemiStationary,Controls,1601.01,66.21000000000004
Participant_19,SemiStationary,Controls,1668.65,67.6400000000001
Participant_19,SemiStationary,Controls,1722.38,53.73000000000002
Participant_19,SemiStationary,Controls,1784.76,62.37999999999988
Participant_19,SemiStationary,Key,1518.61,71.80999999999995
Participant_19,SemiStationary,Key,1579.6,60.99000000000001
Participant_19,SemiStationary,Key,1651.81,72.21000000000004
Participant_19,SemiStationary,Key,1710.21,58.40000000000009
Participant_19,SemiStationary,Key,1746.01,35.799999999999955
Participant_19,SemiStationary,Key,1814.01,68.0
Participant_19,SemiStationary,Visual,1487.99,82.21000000000004
Participant_19,SemiStationary,Visual,1548.3,60.309999999999945
Participant_19,SemiStationary,Visual,1617.98,69.68000000000006
Participant_19,SemiStationary,Visual,1685.84,67.8599999999999
Participant_19,SemiStationary,Visual,1743.78,57.940000000000055
Participant_19,SemiStationary,Visual,1772.33,28.549999999999955
Participant_19,Stationary,Controls,233.57,44.829999999999984
Participant_19,Stationary,Controls,289.29,55.72000000000003
Participant_19,Stationary,Controls,368.22,78.93
Participant_19,Stationary,Controls,442.26,74.03999999999996
Participant_19,Stationary,Controls,476.64,34.379999999999995
Participant_19,Stationary,Controls,542.93,66.28999999999996
Participant_19,Stationary,Key,256.2,71.19999999999999
Participant_19,Stationary,Key,345.2,89.0
Participant_19,Stationary,Key,388.21,43.00999999999999
Participant_19,Stationary,Key,456.6,68.39000000000004
Participant_19,Stationary,Key,475.01,18.409999999999968
Participant_19,Stationary,Key,668.8,193.78999999999996
Participant_19,Stationary,Visual,215.47,41.75999999999999
Participant_19,Stationary,Visual,274.72,59.25000000000003
Participant_19,Stationary,Visual,355.36,80.63999999999999
Participant_19,Stationary,Visual,428.96,73.59999999999997
Participant_19,Stationary,Visual,506.27,77.31
Participant_19,Stationary,Visual,526.37,20.100000000000023
Participant_2,Moving,Controls,882.57,79.18000000000006
Participant_2,Moving,Controls,886.54,3.9699999999999136
Participant_2,Moving,Controls,928.79,42.25
Participant_2,Moving,Controls,1004.76,75.97000000000003
Participant_2,Moving,Controls,1061.65,56.8900000000001
Participant_2,Moving,Controls,1067.34,5.689999999999827
Participant_2,Moving,Controls,1124.3,56.960000000000036
Participant_2,Moving,Controls,1149.1,24.799999999999955
Participant_2,Moving,Key,900.4,61.0
Participant_2,Moving,Key,965.8,65.39999999999998
Participant_2,Moving,Key,1023.8,58.0
Participant_2,Moving,Key,1050.41,26.610000000000127
Participant_2,Moving,Key,1128.6,78.18999999999983
Participant_2,Moving,Key,1189.81,61.210000000000036
Participant_2,Moving,Visual,864.86,31.279999999999973
Participant_2,Moving,Visual,946.55,81.68999999999994
Participant_2,Moving,Visual,984.34,37.79000000000008
Participant_2,Moving,Visual,1044.68,60.34000000000003
Participant_2,Moving,Visual,1106.77,62.08999999999992
Participant_2,Moving,Visual,1172.52,65.75
Participant_2,SemiStationary,Controls,122.82,63.379999999999995
Participant_2,SemiStationary,Controls,133.43,10.610000000000014
Participant_2,SemiStationary,Controls,146.12,12.689999999999998
Participant_2,SemiStationary,Controls,226.11,79.99000000000001
Participant_2,SemiStationary,Controls,245.86,19.75
Participant_2,SemiStationary,Controls,340.12,94.25999999999999
Participant_2,SemiStationary,Controls,387.88,47.75999999999999
Participant_2,SemiStationary,Controls,417.74,29.860000000000014
Participant_2,SemiStationary,Key,100.81,43.81
Participant_2,SemiStationary,Key,189.8,88.99000000000001
Participant_2,SemiStationary,Key,220.61,30.810000000000002
Participant_2,SemiStationary,Key,323.8,103.19
Participant_2,SemiStationary,Key,354.41,30.610000000000014
Participant_2,SemiStationary,Key,444.81,90.39999999999998
Participant_2,SemiStationary,Visual,114.82,31.709999999999994
Participant_2,SemiStationary,Visual,153.11,38.29000000000002
Participant_2,SemiStationary,Visual,166.47,13.359999999999985
Participant_2,SemiStationary,Visual,206.93,40.46000000000001
Participant_2,SemiStationary,Visual,280.62,73.69
Participant_2,SemiStationary,Visual,363.67,83.05000000000001
Participant_2,SemiStationary,Visual,391.4,27.72999999999996
Participant_2,Stationary,Controls,98.23,37.36000000000001
Participant_2,Stationary,Controls,109.6,11.36999999999999
Participant_2,Stationary,Controls,136.74,27.140000000000015
Participant_2,Stationary,Controls,147.21,10.469999999999999
Participant_2,Stationary,Controls,156.83,9.620000000000005
Participant_2,Stationary,Controls,196.64,39.809999999999974
Participant_2,Stationary,Controls,225.35,28.710000000000008
Participant_2,Stationary,Controls,238.87,13.52000000000001
Participant_2,Stationary,Controls,267.1,28.230000000000018
Participant_2,Stationary,Key,91.6,26.39999999999999
Participant_2,Stationary,Key,117.21,25.61
Participant_2,Stationary,Key,164.0,46.790000000000006
Participant_2,Stationary,Key,195.41,31.409999999999997
Participant_2,Stationary,Key,241.01,45.599999999999994
Participant_2,Stationary,Key,263.21,22.19999999999999
Participant_2,Stationary,Visual,82.67,31.25
Participant_2,Stationary,Visual,124.75,42.08
Participant_2,Stationary,Visual,135.81,11.060000000000002
Participant_2,Stationary,Visual,185.57,49.75999999999999
Participant_2,Stationary,Visual,216.17,30.599999999999994
Participant_2,Stationary,Visual,253.85,37.68000000000001
Participant_3,Moving,Controls,1069.08,84.90999999999997
Participant_3,Moving,Controls,1153.65,84.57000000000016
Participant_3,Moving,Controls,1161.19,7.539999999999964
Participant_3,Moving,Controls,1192.53,31.339999999999918
Participant_3,Moving,Controls,1277.82,85.28999999999996
Participant_3,Moving,Controls,1351.93,74.11000000000013
Participant_3,Moving,Controls,1398.17,46.24000000000001
Participant_3,Moving,Key,1123.41,94.00999999999999
Participant_3,Moving,Key,1183.41,60.0
Participant_3,Moving,Key,1241.81,58.399999999999864
Participant_3,Moving,Key,1319.41,77.60000000000014
Participant_3,Moving,Key,1367.41,48.0
Participant_3,Moving,Key,1405.81,38.399999999999864
Participant_3,Moving,Visual,1052.15,55.340000000000146
Participant_3,Moving,Visual,1141.97,89.81999999999994
Participant_3,Moving,Visual,1202.77,60.799999999999955
Participant_3,Moving,Visual,1261.18,58.41000000000008
Participant_3,Moving,Visual,1335.42,74.24000000000001
Participant_3,Moving,Visual,1385.53,50.1099999999999
Participant_3,SemiStationary,Controls,172.68,96.31
Participant_3,SemiStationary,Controls,242.12,69.44
Participant_3,SemiStationary,Controls,298.49,56.370000000000005
Participant_3,SemiStationary,Controls,337.62,39.129999999999995
Participant_3,SemiStationary,Controls,367.45,29.829999999999984
Participant_3,SemiStationary,Controls,424.51,57.06
Participant_3,SemiStationary,Key,223.0,67.78999999999999
Participant_3,SemiStationary,Key,269.2,46.19999999999999
Participant_3,SemiStationary,Key,319.0,49.80000000000001
Participant_3,SemiStationary,Key,352.2,33.19999999999999
Participant_3,SemiStationary,Key,407.41,55.210000000000036
Participant_3,SemiStationary,Key,465.61,58.19999999999999
Participant_3,SemiStationary,Visual,193.73,100.30999999999999
Participant_3,SemiStationary,Visual,256.43,62.70000000000002
Participant_3,SemiStationary,Visual,282.08,25.649999999999977
Participant_3,SemiStationary,Visual,354.91,72.83000000000004
Participant_3,SemiStationary,Visual,384.2,29.289999999999964
Participant_3,SemiStationary,Visual,444.62,60.420000000000016
Participant_3,Stationary,Controls,409.02,9.20999999999998
Participant_3,Stationary,Controls,437.24,28.220000000000027
Participant_3,Stationary,Controls,461.55,24.310000000000002
Participant_3,Stationary,Controls,518.38,56.829999999999984
Participant_3,Stationary,Controls,573.28,54.89999999999998
Participant_3,Stationary,Controls,577.42,4.139999999999986
Participant_3,Stationary,Controls,583.47,6.050000000000068
Participant_3,Stationary,Controls,654.2,70.73000000000002
Participant_3,Stationary,Key,449.6,51.19
Participant_3,Stationary,Key,498.41,48.81
Participant_3,Stationary,Key,534.61,36.19999999999999
Participant_3,Stationary,Key,555.21,20.600000000000023
Participant_3,Stationary,Key,632.61,77.39999999999998
Participant_3,Stationary,Key,665.61,33.0
Participant_3,Stationary,Visual,420.76,30.25999999999999
Participant_3,Stationary,Visual,480.19,59.43000000000001
Participant_3,Stationary,Visual,508.46,28.269999999999982
Participant_3,Stationary,Visual,560.76,52.30000000000001
Participant_3,Stationary,Visual,600.97,40.210000000000036
Participant_3,Stationary,Visual,642.94,41.97000000000003
Participant_4,Moving,Controls,1095.52,70.68000000000006
Participant_4,Moving,Controls,1230.66,135.1400000000001
Participant_4,Moving,Controls,1236.79,6.129999999999882
Participant_4,Moving,Controls,1274.0,37.210000000000036
Participant_4,Moving,Controls,1303.09,29.089999999999918
Participant_4,Moving,Controls,1368.09,65.0
Participant_4,Moving,Controls,1445.19,77.10000000000014
Participant_4,Moving,Key,1201.2,115.60000000000014
Participant_4,Moving,Key,1246.81,45.6099999999999
Participant_4,Moving,Key,1286.21,39.40000000000009
Participant_4,Moving,Key,1352.21,66.0
Participant_4,Moving,Key,1431.2,78.99000000000001
Participant_4,Moving,Key,1526.8,95.59999999999991
Participant_4,Moving,Visual,1143.81,130.1099999999999
Participant_4,Moving,Visual,1218.13,74.32000000000016
Participant_4,Moving,Visual,1261.12,42.98999999999978
Participant_4,Moving,Visual,1320.77,59.65000000000009
Participant_4,Moving,Visual,1391.92,71.15000000000009
Participant_4,Moving,Visual,1457.92,66.0
Participant_4,SemiStationary,Controls,590.45,83.70000000000005
Participant_4,SemiStationary,Controls,596.22,5.769999999999982
Participant_4,SemiStationary,Controls,671.84,75.62
Participant_4,SemiStationary,Controls,750.45,78.61000000000001
Participant_4,SemiStationary,Controls,789.56,39.1099999999999
Participant_4,SemiStationary,Controls,867.24,77.68000000000006
Participant_4,SemiStationary,Controls,872.48,5.240000000000009
Participant_4,SemiStationary,Controls,948.07,75.59000000000003
Participant_4,SemiStationary,Key,653.01,96.40999999999997
Participant_4,SemiStationary,Key,720.21,67.20000000000005
Participant_4,SemiStationary,Key,774.81,54.59999999999991
Participant_4,SemiStationary,Key,834.0,59.190000000000055
Participant_4,SemiStationary,Key,930.21,96.21000000000004
Participant_4,SemiStationary,Key,1003.81,73.59999999999991
Participant_4,SemiStationary,Visual,579.88,60.09000000000003
Participant_4,SemiStationary,Visual,686.94,107.06000000000006
Participant_4,SemiStationary,Visual,739.29,52.34999999999991
Participant_4,SemiStationary,Visual,808.38,69.09000000000003
Participant_4,SemiStationary,Visual,857.3,48.91999999999996
Participant_4,SemiStationary,Visual,968.61,111.31000000000006
Participant_4,Stationary,Controls,304.27,66.78999999999999
Participant_4,Stationary,Controls,360.29,56.02000000000004
Participant_4,Stationary,Controls,367.81,7.519999999999982
Participant_4,Stationary,Controls,405.95,38.139999999999986
Participant_4,Stationary,Controls,442.83,36.879999999999995
Participant_4,Stationary,Controls,509.74,66.91000000000003
Participant_4,Stationary,Controls,573.73,63.99000000000001
Participant_4,Stationary,Key,323.4,50.389999999999986
Participant_4,Stationary,Key,390.6,67.20000000000005
Participant_4,Stationary,Key,425.81,35.20999999999998
Participant_4,Stationary,Key,493.41,67.60000000000002
Participant_4,Stationary,Key,558.2,64.79000000000002
Participant_4,Stationary,Key,616.61,58.40999999999997
Participant_4,Stationary,Visual,294.03,70.30999999999997
Participant_4,Stationary,Visual,349.23,55.200000000000045
Participant_4,Stationary,Visual,416.49,67.25999999999999
Participant_4,Stationary,Visual,462.12,45.629999999999995
Participant_4,Stationary,Visual,530.69,68.57000000000005
Participant_4,Stationary,Visual,592.65,61.95999999999992
Participant_5,Moving,Controls,389.31,95.23000000000002
Participant_5,Moving,Controls,447.23,57.920000000000016
Participant_5,Moving,Controls,518.83,71.60000000000002
Participant_5,Moving,Controls,592.66,73.82999999999993
Participant_5,Moving,Controls,642.08,49.42000000000007
Participant_5,Moving,Controls,740.44,98.36000000000001
Participant_5,Moving,Key,402.8,57.389999999999986
Participant_5,Moving,Key,493.21,90.40999999999997
Participant_5,Moving,Key,556.6,63.39000000000004
Participant_5,Moving,Key,616.4,59.799999999999955
Participant_5,Moving,Key,697.01,80.61000000000001
Participant_5,Moving,Key,758.61,61.60000000000002
Participant_5,Moving,Visual,416.36,150.40000000000003
Participant_5,Moving,Visual,429.55,13.189999999999998
Participant_5,Moving,Visual,536.84,107.29000000000002
Participant_5,Moving,Visual,580.85,44.00999999999999
Participant_5,Moving,Visual,671.59,90.74000000000001
Participant_5,Moving,Visual,714.24,42.64999999999998
Participant_5,SemiStationary,Controls,921.94,76.40000000000009
Participant_5,SemiStationary,Controls,1009.25,87.30999999999995
Participant_5,SemiStationary,Controls,1093.89,84.6400000000001
Participant_5,SemiStationary,Controls,1174.64,80.75
Participant_5,SemiStationary,Controls,1202.7,28.059999999999945
Participant_5,SemiStationary,Controls,1288.37,85.66999999999985
Participant_5,SemiStationary,Key,979.61,101.80000000000007
Participant_5,SemiStationary,Key,1041.41,61.80000000000007
Participant_5,SemiStationary,Key,1135.21,93.79999999999995
Participant_5,SemiStationary,Key,1191.81,56.59999999999991
Participant_5,SemiStationary,Key,1266.01,74.20000000000005
Participant_5,SemiStationary,Key,1335.21,69.20000000000005
Participant_5,SemiStationary,Visual,897.97,31.690000000000055
Participant_5,SemiStationary,Visual,995.59,97.62
Participant_5,SemiStationary,Visual,1053.56,57.969999999999914
Participant_5,SemiStationary,Visual,1149.91,96.35000000000014
Participant_5,SemiStationary,Visual,1224.94,75.02999999999997
Participant_5,SemiStationary,Visual,1302.35,77.40999999999985
Participant_5,Stationary,Controls,569.21,39.66000000000008
Participant_5,Stationary,Controls,654.35,85.13999999999999
Participant_5,Stationary,Controls,701.78,47.42999999999995
Participant_5,Stationary,Controls,763.97,62.190000000000055
Participant_5,Stationary,Controls,795.8,31.829999999999927
Participant_5,Stationary,Controls,834.58,38.780000000000086
Participant_5,Stationary,Key,636.0,79.79999999999995
Participant_5,Stationary,Key,690.21,54.210000000000036
Participant_5,Stationary,Key,733.01,42.799999999999955
Participant_5,Stationary,Key,769.01,36.0
Participant_5,Stationary,Key,804.6,35.59000000000003
Participant_5,Stationary,Key,865.81,61.20999999999992
Participant_5,Stationary,Visual,593.45,78.05000000000007
Participant_5,Stationary,Visual,669.52,76.06999999999994
Participant_5,Stationary,Visual,714.55,45.02999999999997
Participant_5,Stationary,Visual,751.59,37.04000000000008
Participant_5,Stationary,Visual,783.62,32.02999999999997
Participant_5,Stationary,Visual,823.16,39.539999999999964
Participant_6,Moving,Controls,958.61,69.44000000000005
Participant_6,Moving,Controls,1067.88,109.2700000000001
Participant_6,Moving,Controls,1158.76,90.87999999999988
Participant_6,Moving,Controls,1202.75,43.99000000000001
Participant_6,Moving,Controls,1289.24,86.49000000000001
Participant_6,Moving,Controls,1336.33,47.08999999999992
Participant_6,Moving,Key,1026.41,101.21000000000004
Participant_6,Moving,Key,1122.41,96.0
Participant_6,Moving,Key,1187.0,64.58999999999992
Participant_6,Moving,Key,1270.81,83.80999999999995
Participant_6,Moving,Key,1321.21,50.40000000000009
Participant_6,Moving,Key,1364.6,43.38999999999987
Participant_6,Moving,Visual,945.05,65.88
Participant_6,Moving,Visual,1049.58,104.52999999999997
Participant_6,Moving,Visual,1142.55,92.97000000000003
Participant_6,Moving,Visual,1222.44,79.8900000000001
Participant_6,Moving,Visual,1304.07,81.62999999999988
Participant_6,Moving,Visual,1346.67,42.600000000000136
Participant_6,SemiStationary,Controls,370.3,42.85000000000002
Participant_6,SemiStationary,Controls,480.55,110.25
Participant_6,SemiStationary,Controls,507.5,26.94999999999999
Participant_6,SemiStationary,Controls,538.74,31.24000000000001
Participant_6,SemiStationary,Controls,582.44,43.700000000000045
Participant_6,SemiStationary,Controls,624.11,41.66999999999996
Participant_6,SemiStationary,Key,416.21,81.19999999999999
Participant_6,SemiStationary,Key,447.01,30.80000000000001
Participant_6,SemiStationary,Key,522.81,75.79999999999995
Participant_6,SemiStationary,Key,562.2,39.3900000000001
Participant_6,SemiStationary,Key,593.6,31.399999999999977
Participant_6,SemiStationary,Key,627.0,33.39999999999998
Participant_6,SemiStationary,Visual,397.31,43.49000000000001
Participant_6,SemiStationary,Visual,434.5,37.19
Participant_6,SemiStationary,Visual,494.55,60.05000000000001
Participant_6,SemiStationary,Visual,558.76,64.20999999999998
Participant_6,SemiStationary,Visual,597.55,38.789999999999964
Participant_6,SemiStationary,Visual,611.16,13.610000000000014
Participant_6,Stationary,Controls,835.71,39.48000000000002
Participant_6,Stationary,Controls,877.16,41.44999999999993
Participant_6,Stationary,Controls,932.49,55.33000000000004
Participant_6,Stationary,Controls,956.28,23.789999999999964
Participant_6,Stationary,Controls,991.01,34.73000000000002
Participant_6,Stationary,Controls,1085.9,94.8900000000001
Participant_6,Stationary,Key,853.0,36.99000000000001
Participant_6,Stationary,Key,906.0,53.0
Participant_6,Stationary,Key,906.21,0.21000000000003638
Participant_6,Stationary,Key,973.41,67.19999999999993
Participant_6,Stationary,Key,1040.81,67.39999999999998
Participant_6,Stationary,Key,1041.0,0.19000000000005457
Participant_6,Stationary,Visual,862.94,83.36000000000001
Participant_6,Stationary,Visual,897.86,34.91999999999996
Participant_6,Stationary,Visual,919.43,21.569999999999936
Participant_6,Stationary,Visual,947.75,28.32000000000005
Participant_6,Stationary,Visual,1007.21,59.460000000000036
Participant_6,Stationary,Visual,1069.5,62.289999999999964
Participant_7,Moving,Controls,380.96,96.0
Participant_7,Moving,Controls,440.77,59.81
Participant_7,Moving,Controls,517.82,77.05000000000007
Participant_7,Moving,Controls,596.24,78.41999999999996
Participant_7,Moving,Controls,642.61,46.370000000000005
Participant_7,Moving,Controls,767.13,124.51999999999998
Participant_7,Moving,Key,420.21,83.40999999999997
Participant_7,Moving,Key,492.2,71.99000000000001
Participant_7,Moving,Key,566.8,74.59999999999997
Participant_7,Moving,Key,633.6,66.80000000000007
Participant_7,Moving,Key,739.21,105.61000000000001
Participant_7,Moving,Key,833.81,94.59999999999991
Participant_7,Moving,Visual,363.55,60.829999999999984
Participant_7,Moving,Visual,458.73,95.18
Participant_7,Moving,Visual,528.15,69.41999999999996
Participant_7,Moving,Visual,580.82,52.67000000000007
Participant_7,Moving,Visual,658.32,77.5
Participant_7,Moving,Visual,754.04,95.71999999999991
Participant_7,SemiStationary,Controls,808.72,27.950000000000045
Participant_7,SemiStationary,Controls,902.57,93.85000000000002
Participant_7,SemiStationary,Controls,945.96,43.389999999999986
Participant_7,SemiStationary,Controls,987.94,41.98000000000002
Participant_7,SemiStationary,Controls,1089.11,101.16999999999985
Participant_7,SemiStationary,Controls,1198.9,109.79000000000019
Participant_7,SemiStationary,Key,867.42,70.20999999999992
Participant_7,SemiStationary,Key,914.6,47.180000000000064
Participant_7,SemiStationary,Key,979.8,65.19999999999993
Participant_7,SemiStationary,Key,1051.0,71.20000000000005
Participant_7,SemiStationary,Key,1169.4,118.40000000000009
Participant_7,SemiStationary,Key,1231.2,61.799999999999955
Participant_7,SemiStationary,Visual,836.23,71.60000000000002
Participant_7,SemiStationary,Visual,880.93,44.69999999999993
Participant_7,SemiStationary,Visual,931.32,50.3900000000001
Participant_7,SemiStationary,Visual,1003.44,72.12
Participant_7,SemiStationary,Visual,1070.08,66.63999999999987
Participant_7,SemiStationary,Visual,1187.33,117.25
Participant_7,Stationary,Controls,209.59,35.370000000000005
Participant_7,Stationary,Controls,293.08,83.48999999999998
Participant_7,Stationary,Controls,323.91,30.83000000000004
Participant_7,Stationary,Controls,396.68,72.76999999999998
Participant_7,Stationary,Controls,453.53,56.849999999999966
Participant_7,Stationary,Controls,500.54,47.01000000000005
Participant_7,Stationary,Key,263.21,62.40999999999997
Participant_7,Stationary,Key,308.81,45.60000000000002
Participant_7,Stationary,Key,364.0,55.19
Participant_7,Stationary,Key,422.81,58.81
Participant_7,Stationary,Key,464.81,42.0
Participant_7,Stationary,Key,496.41,31.600000000000023
Participant_7,Stationary,Visual,227.96,40.23000000000002
Participant_7,Stationary,Visual,281.22,53.26000000000002
Participant_7,Stationary,Visual,341.96,60.73999999999995
Participant_7,Stationary,Visual,382.47,40.51000000000005
Participant_7,Stationary,Visual,437.33,54.85999999999996
Participant_7,Stationary,Visual,488.76,51.43000000000001
Participant_8,Moving,Controls,512.2,92.87000000000006
Participant_8,Moving,Controls,526.94,14.740000000000009
Participant_8,Moving,Controls,600.87,73.92999999999995
Participant_8,Moving,Controls,668.0,67.13
Participant_8,Moving,Controls,706.76,38.75999999999999
Participant_8,Moving,Controls,799.43,92.66999999999996
Participant_8,Moving,Key,496.61,28.80000000000001
Participant_8,Moving,Key,577.6,80.99000000000001
Participant_8,Moving,Key,625.21,47.610000000000014
Participant_8,Moving,Key,695.01,69.79999999999995
Participant_8,Moving,Key,753.81,58.799999999999955
Participant_8,Moving,Key,809.61,55.80000000000007
Participant_8,Moving,Visual,489.08,51.49000000000001
Participant_8,Moving,Visual,558.57,69.49000000000007
Participant_8,Moving,Visual,614.21,55.639999999999986
Participant_8,Moving,Visual,650.5,36.289999999999964
Participant_8,Moving,Visual,732.22,81.72000000000003
Participant_8,Moving,Visual,781.36,49.139999999999986
Participant_8,SemiStationary,Controls,1060.96,82.66000000000008
Participant_8,SemiStationary,Controls,1124.82,63.8599999999999
Participant_8,SemiStationary,Controls,1198.37,73.54999999999995
Participant_8,SemiStationary,Controls,1264.52,66.15000000000009
Participant_8,SemiStationary,Controls,1337.89,73.37000000000012
Participant_8,SemiStationary,Controls,1379.26,41.36999999999989
Participant_8,SemiStationary,Key,1091.21,72.0
Participant_8,SemiStationary,Key,1180.01,88.79999999999995
Participant_8,SemiStationary,Key,1238.01,58.0
Participant_8,SemiStationary,Key,1288.21,50.200000000000045
Participant_8,SemiStationary,Key,1332.81,44.59999999999991
Participant_8,SemiStationary,Key,1404.01,71.20000000000005
Participant_8,SemiStationary,Visual,1040.17,43.04000000000008
Participant_8,SemiStationary,Visual,1109.5,69.32999999999993
Participant_8,SemiStationary,Visual,1218.37,108.86999999999989
Participant_8,SemiStationary,Visual,1249.73,31.360000000000127
Participant_8,SemiStationary,Visual,1318.35,68.61999999999989
Participant_8,SemiStationary,Visual,1355.25,36.90000000000009
Participant_8,Stationary,Controls,307.96,45.56
Participant_8,Stationary,Controls,319.98,12.020000000000039
Participant_8,Stationary,Controls,388.2,68.21999999999997
Participant_8,Stationary,Controls,411.1,22.900000000000034
Participant_8,Stationary,Controls,471.11,60.00999999999999
Participant_8,Stationary,Controls,503.76,32.64999999999998
Participant_8,Stationary,Key,302.81,38.410000000000025
Participant_8,Stationary,Key,360.61,57.80000000000001
Participant_8,Stationary,Key,400.61,40.0
Participant_8,Stationary,Key,423.81,23.19999999999999
Participant_8,Stationary,Key,461.4,37.589999999999975
Participant_8,Stationary,Key,493.2,31.80000000000001
Participant_8,Stationary,Visual,289.95,39.06999999999999
Participant_8,Stationary,Visual,354.76,64.81
Participant_8,Stationary,Visual,371.0,16.24000000000001
Participant_8,Stationary,Visual,431.15,60.14999999999998
Participant_8,Stationary,Visual,454.78,23.629999999999995
Participant_8,Stationary,Visual,487.23,32.450000000000045
Participant_9,Moving,Controls,711.99,80.84000000000003
Participant_9,Moving,Controls,817.98,105.99000000000001
Participant_9,Moving,Controls,881.8,63.819999999999936
Participant_9,Moving,Controls,980.78,98.98000000000002
Participant_9,Moving,Controls,1044.75,63.97000000000003
Participant_9,Moving,Controls,1178.53,133.77999999999997
Participant_9,Moving,Key,789.21,98.21000000000004
Participant_9,Moving,Key,868.61,79.39999999999998
Participant_9,Moving,Key,961.81,93.19999999999993
Participant_9,Moving,Key,1034.01,72.20000000000005
Participant_9,Moving,Key,1103.8,69.78999999999996
Participant_9,Moving,Key,1248.81,145.01
Participant_9,Moving,Visual,733.04,111.25999999999999
Participant_9,Moving,Visual,806.65,73.61000000000001
Participant_9,Moving,Visual,902.47,95.82000000000005
Participant_9,Moving,Visual,1001.2,98.73000000000002
Participant_9,Moving,Visual,1071.24,70.03999999999996
Participant_9,Moving,Visual,1121.19,49.950000000000045
Participant_9,SemiStationary,Controls,373.29,34.04000000000002
Participant_9,SemiStationary,Controls,446.21,72.91999999999996
Participant_9,SemiStationary,Controls,500.14,53.93000000000001
Participant_9,SemiStationary,Controls,545.87,45.73000000000002
Participant_9,SemiStationary,Controls,594.17,48.299999999999955
Participant_9,SemiStationary,Controls,610.06,15.889999999999986
Participant_9,SemiStationary,Key,417.41,62.610000000000014
Participant_9,SemiStationary,Key,489.6,72.19
Participant_9,SemiStationary,Key,531.81,42.20999999999992
Participant_9,SemiStationary,Key,553.21,21.40000000000009
Participant_9,SemiStationary,Key,591.81,38.59999999999991
Participant_9,SemiStationary,Key,637.61,45.80000000000007
Participant_9,SemiStationary,Visual,393.76,66.05000000000001
Participant_9,SemiStationary,Visual,435.65,41.889999999999986
Participant_9,SemiStationary,Visual,514.42,78.76999999999998
Participant_9,SemiStationary,Visual,559.9,45.48000000000002
Participant_9,SemiStationary,Visual,575.8,15.899999999999977
Participant_9,SemiStationary,Visual,627.11,51.31000000000006
Participant_9,Stationary,Controls,329.47,28.02000000000004
Participant_9,Stationary,Controls,401.46,71.98999999999995
Participant_9,Stationary,Controls,440.14,38.68000000000001
Participant_9,Stationary,Controls,453.72,13.580000000000041
Participant_9,Stationary,Controls,488.94,35.21999999999997
Participant_9,Stationary,Controls,538.06,49.11999999999995
Participant_9,Stationary,Key,366.61,55.80000000000001
Participant_9,Stationary,Key,408.01,41.39999999999998
Participant_9,Stationary,Key,433.6,25.590000000000032
Participant_9,Stationary,Key,475.61,42.00999999999999
Participant_9,Stationary,Key,500.8,25.189999999999998
Participant_9,Stationary,Key,537.41,36.60999999999996
Participant_9,Stationary,Visual,348.04,32.84000000000003
Participant_9,Stationary,Visual,412.93,64.88999999999999
Participant_9,Stationary,Visual,423.73,10.800000000000011
Participant_9,Stationary,Visual,467.14,43.40999999999997
Participant_9,Stationary,Visual,508.22,41.08000000000004
Participant_9,Stationary,Visual,521.37,13.149999999999977
