participant,condition,timestamp,interval_s
Participant_1,Moving,602.66,24.350000000000023
Participant_1,Moving,620.0,17.340000000000032
Participant_1,Moving,637.75,17.75
Participant_1,Moving,659.6,21.850000000000023
Participant_1,Moving,671.84,12.240000000000009
Participant_1,Moving,696.71,24.870000000000005
Participant_1,Moving,702.61,5.899999999999977
Participant_1,Moving,721.85,19.24000000000001
Participant_1,Moving,752.0,30.149999999999977
Participant_1,Moving,754.13,2.1299999999999955
Participant_1,Moving,759.92,5.789999999999964
Participant_1,Moving,781.92,22.0
Participant_1,Moving,808.81,26.889999999999986
Participant_1,Moving,811.35,2.5400000000000773
Participant_1,Moving,826.29,14.93999999999994
Participant_1,Moving,834.3,8.009999999999991
Participant_1,Moving,846.89,12.590000000000032
Participant_1,Moving,861.29,14.399999999999977
Participant_1,Moving,883.8,22.50999999999999
Participant_1,Moving,905.54,21.74000000000001
Participant_1,Moving,922.57,17.030000000000086
Participant_1,Moving,927.01,4.439999999999941
Participant_1,Moving,951.18,24.16999999999996
Participant_1,Moving,976.61,25.430000000000064
Participant_1,Moving,991.61,15.0
Participant_1,Moving,1009.48,17.870000000000005
Participant_1,Moving,1047.83,38.34999999999991
Participant_1,Moving,1050.01,2.1800000000000637
Participant_1,Moving,1073.56,23.549999999999955
Participant_1,Moving,1096.77,23.210000000000036
Participant_1,Moving,1104.2,7.430000000000064
Participant_1,SemiStationary,128.8,10.240000000000009
Participant_1,SemiStationary,151.49,22.689999999999998
Participant_1,SemiStationary,179.51,28.019999999999982
Participant_1,SemiStationary,209.53,30.02000000000001
Participant_1,SemiStationary,223.81,14.280000000000001
Participant_1,SemiStationary,240.25,16.439999999999998
Participant_1,SemiStationary,257.81,17.560000000000002
Participant_1,SemiStationary,258.57,0.7599999999999909
Participant_1,SemiStationary,282.48,23.910000000000025
Participant_1,SemiStationary,292.41,9.930000000000007
Participant_1,SemiStationary,310.61,18.19999999999999
Participant_1,SemiStationary,312.08,1.4699999999999704
Participant_1,SemiStationary,328.26,16.180000000000007
Participant_1,SemiStationary,332.84,4.579999999999984
Participant_1,SemiStationary,353.02,20.180000000000007
Participant_1,SemiStationary,374.81,21.79000000000002
Participant_1,SemiStationary,395.61,20.80000000000001
Participant_1,SemiStationary,398.1,2.490000000000009
Participant_1,SemiStationary,422.65,24.549999999999955
Participant_1,SemiStationary,441.75,19.100000000000023
Participant_1,SemiStationary,449.86,8.110000000000014
Participant_1,SemiStationary,472.81,22.94999999999999
Participant_1,SemiStationary,475.7,2.8899999999999864
Participant_1,SemiStationary,503.7,28.0
Participant_1,SemiStationary,525.17,21.46999999999997
Participant_1,SemiStationary,531.21,6.040000000000077
Participant_1,SemiStationary,548.6,17.389999999999986
Participant_1,SemiStationary,557.8,9.199999999999932
Participant_1,SemiStationary,582.05,24.25
Participant_1,SemiStationary,602.81,20.75999999999999
Participant_1,SemiStationary,611.62,8.81000000000006
Participant_1,SemiStationary,634.81,23.18999999999994
Participant_1,Stationary,81.41,2.319999999999993
Participant_1,Stationary,96.47,15.060000000000002
Participant_1,Stationary,115.54,19.070000000000007
Participant_1,Stationary,125.8,10.259999999999991
Participant_1,Stationary,143.93,18.13000000000001
Participant_1,Stationary,166.73,22.799999999999983
Participant_1,Stationary,168.82,2.0900000000000034
Participant_1,Stationary,179.21,10.390000000000015
Participant_1,Stationary,184.09,4.8799999999999955
Participant_1,Stationary,187.65,3.5600000000000023
Participant_1,Stationary,200.77,13.120000000000005
Participant_1,Stationary,203.31,2.539999999999992
Participant_1,Stationary,208.2,4.889999999999986
Participant_1,Stationary,231.62,23.420000000000016
Participant_1,Stationary,233.12,1.5
Participant_1,Stationary,242.41,9.289999999999992
Participant_1,Stationary,259.09,16.67999999999998
Participant_1,Stationary,274.93,15.840000000000032
Participant_1,Stationary,286.22,11.29000000000002
Participant_1,Stationary,301.6,15.379999999999995
Participant_1,Stationary,326.62,25.019999999999982
Participant_1,Stationary,328.01,1.3899999999999864
Participant_1,Stationary,343.71,15.699999999999989
Participant_1,Stationary,343.81,0.10000000000002274
Participant_1,Stationary,349.55,5.740000000000009
Participant_1,Stationary,366.39,16.839999999999975
Participant_1,Stationary,386.58,20.189999999999998
Participant_1,Stationary,398.6,12.020000000000039
Participant_1,Stationary,399.96,1.3599999999999568
Participant_1,Stationary,423.42,23.460000000000036
Participant_1,Stationary,445.0,21.579999999999984
Participant_1,Stationary,470.21,25.20999999999998
Participant_1,Stationary,476.23,6.020000000000039
Participant_10,Moving,1006.9,19.92999999999995
Participant_10,Moving,1034.01,27.110000000000014
Participant_10,Moving,1054.03,20.019999999999982
Participant_10,Moving,1064.33,10.299999999999955
Participant_10,Moving,1105.81,41.48000000000002
Participant_10,Moving,1122.37,16.559999999999945
Participant_10,Moving,1129.41,7.040000000000191
Participant_10,Moving,1133.46,4.0499999999999545
Participant_10,Moving,1152.74,19.279999999999973
Participant_10,Moving,1172.94,20.200000000000045
Participant_10,Moving,1182.01,9.069999999999936
Participant_10,Moving,1194.23,12.220000000000027
Participant_10,Moving,1207.19,12.960000000000036
Participant_10,Moving,1223.01,15.819999999999936
Participant_10,Moving,1239.13,16.12000000000012
Participant_10,Moving,1260.21,21.079999999999927
Participant_10,Moving,1286.05,25.839999999999918
Participant_10,Moving,1303.05,17.0
Participant_10,Moving,1316.44,13.3900000000001
Participant_10,Moving,1347.81,31.36999999999989
Participant_10,SemiStationary,338.75,2.3000000000000114
Participant_10,SemiStationary,351.88,13.129999999999995
Participant_10,SemiStationary,364.0,12.120000000000005
Participant_10,SemiStationary,389.9,25.899999999999977
Participant_10,SemiStationary,399.8,9.900000000000034
Participant_10,SemiStationary,408.36,8.560000000000002
Participant_10,SemiStationary,429.76,21.399999999999977
Participant_10,SemiStationary,442.52,12.759999999999991
Participant_10,SemiStationary,467.0,24.480000000000018
Participant_10,SemiStationary,485.82,18.819999999999993
Participant_10,SemiStationary,495.4,9.579999999999984
Participant_10,SemiStationary,501.32,5.920000000000016
Participant_10,SemiStationary,516.7,15.380000000000052
Participant_10,SemiStationary,539.02,22.319999999999936
Participant_10,SemiStationary,559.41,20.389999999999986
Participant_10,SemiStationary,583.74,24.33000000000004
Participant_10,SemiStationary,596.82,13.080000000000041
Participant_10,SemiStationary,613.8,16.979999999999905
Participant_10,SemiStationary,623.65,9.850000000000023
Participant_10,SemiStationary,642.5,18.850000000000023
Participant_10,SemiStationary,689.4,46.89999999999998
Participant_10,Stationary,113.17,15.61
Participant_10,Stationary,115.61,2.4399999999999977
Participant_10,Stationary,128.78,13.170000000000002
Participant_10,Stationary,142.4,13.620000000000005
Participant_10,Stationary,157.8,15.400000000000006
Participant_10,Stationary,185.35,27.549999999999983
Participant_10,Stationary,198.75,13.400000000000006
Participant_10,Stationary,202.21,3.460000000000008
Participant_10,Stationary,217.81,15.599999999999994
Participant_10,Stationary,221.43,3.6200000000000045
Participant_10,Stationary,239.07,17.639999999999986
Participant_10,Stationary,259.0,19.930000000000007
Participant_10,Stationary,270.26,11.259999999999991
Participant_10,Stationary,288.81,18.55000000000001
Participant_10,Stationary,304.67,15.860000000000014
Participant_10,Stationary,315.81,11.139999999999986
Participant_10,Stationary,331.97,16.160000000000025
Participant_10,Stationary,349.92,17.94999999999999
Participant_10,Stationary,362.81,12.889999999999986
Participant_10,Stationary,369.94,7.1299999999999955
Participant_11,Moving,462.8,13.259999999999991
Participant_11,Moving,530.8,67.99999999999994
Participant_11,Moving,547.83,17.030000000000086
Participant_11,Moving,568.87,21.039999999999964
Participant_11,Moving,595.4,26.529999999999973
Participant_11,Moving,615.56,20.159999999999968
Participant_11,Moving,642.74,27.180000000000064
Participant_11,Moving,672.0,29.25999999999999
Participant_11,Moving,681.63,9.629999999999995
Participant_11,Moving,692.74,11.110000000000014
Participant_11,Moving,730.01,37.26999999999998
Participant_11,Moving,730.21,0.20000000000004547
Participant_11,Moving,744.3,14.089999999999918
Participant_11,Moving,773.15,28.850000000000023
Participant_11,Moving,792.35,19.200000000000045
Participant_11,Moving,801.97,9.620000000000005
Participant_11,Moving,870.41,68.43999999999994
Participant_11,Moving,884.06,13.649999999999977
Participant_11,Moving,902.64,18.58000000000004
Participant_11,Moving,926.01,23.370000000000005
Participant_11,SemiStationary,604.21,21.710000000000036
Participant_11,SemiStationary,628.01,23.799999999999955
Participant_11,SemiStationary,643.25,15.240000000000009
Participant_11,SemiStationary,664.32,21.07000000000005
Participant_11,SemiStationary,692.8,28.479999999999905
Participant_11,SemiStationary,706.57,13.770000000000095
Participant_11,SemiStationary,724.89,18.319999999999936
Participant_11,SemiStationary,754.4,29.50999999999999
Participant_11,SemiStationary,766.46,12.06000000000006
Participant_11,SemiStationary,776.72,10.259999999999991
Participant_11,SemiStationary,799.61,22.889999999999986
Participant_11,SemiStationary,814.37,14.759999999999991
Participant_11,SemiStationary,833.2,18.83000000000004
Participant_11,SemiStationary,845.41,12.209999999999923
Participant_11,SemiStationary,860.24,14.830000000000041
Participant_11,SemiStationary,878.42,18.17999999999995
Participant_11,SemiStationary,898.4,19.980000000000018
Participant_11,SemiStationary,911.8,13.399999999999977
Participant_11,SemiStationary,927.09,15.290000000000077
Participant_11,SemiStationary,962.21,35.120000000000005
Participant_11,Stationary,489.99,11.180000000000007
Participant_11,Stationary,520.34,30.350000000000023
Participant_11,Stationary,562.0,41.65999999999997
Participant_11,Stationary,572.52,10.519999999999982
Participant_11,Stationary,581.95,9.430000000000064
Participant_11,Stationary,595.75,13.799999999999955
Participant_11,Stationary,619.38,23.629999999999995
Participant_11,Stationary,673.01,53.629999999999995
Participant_11,Stationary,697.79,24.779999999999973
Participant_11,Stationary,712.99,15.200000000000045
Participant_11,Stationary,744.81,31.819999999999936
Participant_11,Stationary,760.66,15.850000000000023
Participant_11,Stationary,783.61,22.950000000000045
Participant_11,Stationary,815.61,32.0
Participant_11,Stationary,843.91,28.299999999999955
Participant_11,Stationary,861.99,18.08000000000004
Participant_11,Stationary,876.01,14.019999999999982
Participant_11,Stationary,895.54,19.529999999999973
Participant_11,Stationary,922.49,26.950000000000045
Participant_11,Stationary,946.6,24.110000000000014
Participant_12,Moving,624.97,17.710000000000036
Participant_12,Moving,641.2,16.230000000000018
Participant_12,Moving,666.32,25.120000000000005
Participant_12,Moving,708.71,42.389999999999986
Participant_12,Moving,713.41,4.699999999999932
Participant_12,Moving,768.38,54.97000000000003
Participant_12,Moving,798.16,29.779999999999973
Participant_12,Moving,812.61,14.450000000000045
Participant_12,Moving,831.68,19.069999999999936
Participant_12,Moving,841.42,9.740000000000009
Participant_12,Moving,844.3,2.8799999999999955
Participant_12,Moving,859.05,14.75
Participant_12,Moving,872.2,13.150000000000091
Participant_12,Moving,882.92,10.719999999999914
Participant_12,Moving,901.27,18.350000000000023
Participant_12,Moving,913.16,11.889999999999986
Participant_12,Moving,945.41,32.25
Participant_12,Moving,960.71,15.300000000000068
Participant_12,Moving,970.07,9.360000000000014
Participant_12,Moving,991.0,20.92999999999995
Participant_12,SemiStationary,392.61,12.439999999999998
Participant_12,SemiStationary,398.68,6.069999999999993
Participant_12,SemiStationary,411.24,12.560000000000002
Participant_12,SemiStationary,428.59,17.349999999999966
Participant_12,SemiStationary,441.81,13.220000000000027
Participant_12,SemiStationary,455.14,13.329999999999984
Participant_12,SemiStationary,467.85,12.710000000000036
Participant_12,SemiStationary,485.61,17.75999999999999
Participant_12,SemiStationary,495.83,10.21999999999997
Participant_12,SemiStationary,514.7,18.87000000000006
Participant_12,SemiStationary,529.41,14.709999999999923
Participant_12,SemiStationary,550.01,20.600000000000023
Participant_12,SemiStationary,566.6,16.590000000000032
Participant_12,SemiStationary,581.61,15.009999999999991
Participant_12,SemiStationary,607.21,25.600000000000023
Participant_12,SemiStationary,622.6,15.389999999999986
Participant_12,SemiStationary,624.17,1.5699999999999363
Participant_12,SemiStationary,646.69,22.520000000000095
Participant_12,SemiStationary,666.11,19.41999999999996
Participant_12,SemiStationary,696.21,30.100000000000023
Participant_12,Stationary,533.79,21.709999999999923
Participant_12,Stationary,568.4,34.610000000000014
Participant_12,Stationary,592.83,24.430000000000064
Participant_12,Stationary,603.43,10.599999999999909
Participant_12,Stationary,617.61,14.180000000000064
Participant_12,Stationary,630.15,12.539999999999964
Participant_12,Stationary,648.2,18.050000000000068
Participant_12,Stationary,655.01,6.809999999999945
Participant_12,Stationary,678.13,23.120000000000005
Participant_12,Stationary,690.17,12.039999999999964
Participant_12,Stationary,706.01,15.840000000000032
Participant_12,Stationary,722.37,16.360000000000014
Participant_12,Stationary,736.03,13.659999999999968
Participant_12,Stationary,747.6,11.57000000000005
Participant_12,Stationary,763.92,16.319999999999936
Participant_12,Stationary,776.0,12.080000000000041
Participant_12,Stationary,780.61,4.610000000000014
Participant_12,Stationary,791.14,10.529999999999973
Participant_12,Stationary,803.4,12.259999999999991
Participant_12,Stationary,807.37,3.9700000000000273
Participant_13,Moving,282.22,14.470000000000027
Participant_13,Moving,371.81,89.58999999999997
Participant_13,Moving,393.22,21.410000000000025
Participant_13,Moving,403.59,10.369999999999948
Participant_13,Moving,445.61,42.02000000000004
Participant_13,Moving,473.12,27.50999999999999
Participant_13,Moving,490.26,17.139999999999986
Participant_13,Moving,525.6,35.34000000000003
Participant_13,Moving,545.89,20.289999999999964
Participant_13,Moving,562.81,16.91999999999996
Participant_13,Moving,565.82,3.0100000000001046
Participant_13,Moving,590.16,24.339999999999918
Participant_13,Moving,611.91,21.75
Participant_13,Moving,626.81,14.899999999999977
Participant_13,Moving,642.57,15.760000000000105
Participant_13,Moving,666.86,24.289999999999964
Participant_13,Moving,715.8,48.93999999999994
Participant_13,Moving,751.89,36.09000000000003
Participant_13,Moving,788.95,37.06000000000006
Participant_13,Moving,936.81,147.8599999999999
Participant_13,SemiStationary,1243.77,17.37999999999988
Participant_13,SemiStationary,1290.61,46.83999999999992
Participant_13,SemiStationary,1310.36,19.75
Participant_13,SemiStationary,1331.09,20.730000000000018
Participant_13,SemiStationary,1392.61,61.51999999999998
Participant_13,SemiStationary,1409.44,16.830000000000155
Participant_13,SemiStationary,1426.83,17.389999999999873
Participant_13,SemiStationary,1481.61,54.77999999999997
Participant_13,SemiStationary,1499.55,17.940000000000055
Participant_13,SemiStationary,1516.57,17.019999999999982
Participant_13,SemiStationary,1571.81,55.24000000000001
Participant_13,SemiStationary,1591.43,19.62000000000012
Participant_13,SemiStationary,1604.51,13.079999999999927
Participant_13,SemiStationary,1635.01,30.5
Participant_13,SemiStationary,1654.85,19.839999999999918
Participant_13,SemiStationary,1670.39,15.540000000000191
Participant_13,SemiStationary,1717.61,47.2199999999998
Participant_13,SemiStationary,1729.84,12.230000000000018
Participant_13,SemiStationary,1751.49,21.65000000000009
Participant_13,SemiStationary,1776.21,24.720000000000027
Participant_13,Stationary,219.47,12.859999999999985
Participant_13,Stationary,242.21,22.74000000000001
Participant_13,Stationary,259.91,17.700000000000017
Participant_13,Stationary,272.87,12.95999999999998
Participant_13,Stationary,283.21,10.339999999999975
Participant_13,Stationary,294.91,11.700000000000045
Participant_13,Stationary,304.01,9.099999999999966
Participant_13,Stationary,318.81,14.800000000000011
Participant_13,Stationary,337.01,18.19999999999999
Participant_13,Stationary,342.56,5.550000000000011
Participant_13,Stationary,357.63,15.069999999999993
Participant_13,Stationary,370.23,12.600000000000023
Participant_13,Stationary,386.41,16.180000000000007
Participant_13,Stationary,400.02,13.609999999999957
Participant_13,Stationary,426.72,26.700000000000045
Participant_13,Stationary,437.04,10.319999999999993
Participant_13,Stationary,458.81,21.769999999999982
Participant_13,Stationary,475.82,17.00999999999999
Participant_13,Stationary,494.68,18.860000000000014
Participant_13,Stationary,513.01,18.329999999999984
Participant_14,Moving,373.59,24.95999999999998
Participant_14,Moving,376.81,3.2200000000000273
Participant_14,Moving,387.78,10.96999999999997
Participant_14,Moving,406.4,18.620000000000005
Participant_14,Moving,417.61,11.210000000000036
Participant_14,Moving,440.27,22.659999999999968
Participant_14,Moving,470.79,30.52000000000004
Participant_14,Moving,498.4,27.609999999999957
Participant_14,Moving,515.29,16.889999999999986
Participant_14,Moving,531.38,16.090000000000032
Participant_14,Moving,554.0,22.620000000000005
Participant_14,Moving,564.07,10.07000000000005
Participant_14,Moving,576.61,12.539999999999964
Participant_14,Moving,589.93,13.319999999999936
Participant_14,Moving,613.32,23.3900000000001
Participant_14,Moving,628.93,15.6099999999999
Participant_14,Moving,644.2,15.270000000000095
Participant_14,Moving,663.45,19.25
Participant_14,Moving,679.72,16.269999999999982
Participant_14,Moving,692.61,12.889999999999986
Participant_14,SemiStationary,522.95,9.700000000000045
Participant_14,SemiStationary,533.8,10.849999999999909
Participant_14,SemiStationary,553.46,19.660000000000082
Participant_14,SemiStationary,576.06,22.59999999999991
Participant_14,SemiStationary,592.81,16.75
Participant_14,SemiStationary,608.64,15.830000000000041
Participant_14,SemiStationary,627.41,18.769999999999982
Participant_14,SemiStationary,694.01,66.60000000000002
Participant_14,SemiStationary,710.29,16.279999999999973
Participant_14,SemiStationary,730.44,20.15000000000009
Participant_14,SemiStationary,744.2,13.759999999999991
Participant_14,SemiStationary,760.6,16.399999999999977
Participant_14,SemiStationary,763.19,2.590000000000032
Participant_14,SemiStationary,773.9,10.709999999999923
Participant_14,SemiStationary,783.31,9.409999999999968
Participant_14,SemiStationary,805.47,22.160000000000082
Participant_14,SemiStationary,821.6,16.129999999999995
Participant_14,SemiStationary,841.3,19.699999999999932
Participant_14,SemiStationary,862.25,20.950000000000045
Participant_14,SemiStationary,873.81,11.559999999999945
Participant_14,Stationary,79.99,16.349999999999994
Participant_14,Stationary,84.61,4.6200000000000045
Participant_14,Stationary,92.08,7.469999999999999
Participant_14,Stationary,109.49,17.409999999999997
Participant_14,Stationary,117.2,7.710000000000008
Participant_14,Stationary,130.41,13.209999999999994
Participant_14,Stationary,134.9,4.490000000000009
Participant_14,Stationary,151.17,16.269999999999982
Participant_14,Stationary,161.13,9.960000000000008
Participant_14,Stationary,175.0,13.870000000000005
Participant_14,Stationary,176.92,1.9199999999999875
Participant_14,Stationary,185.75,8.830000000000013
Participant_14,Stationary,196.61,10.860000000000014
Participant_14,Stationary,202.8,6.189999999999998
Participant_14,Stationary,217.3,14.5
Participant_14,Stationary,229.34,12.039999999999992
Participant_14,Stationary,232.6,3.259999999999991
Participant_14,Stationary,250.68,18.080000000000013
Participant_14,Stationary,266.0,15.319999999999993
Participant_14,Stationary,267.32,1.3199999999999932
Participant_15,Moving,1542.34,15.259999999999991
Participant_15,Moving,1636.61,94.26999999999998
Participant_15,Moving,1650.83,14.220000000000027
Participant_15,Moving,1671.95,21.12000000000012
Participant_15,Moving,1887.41,215.46000000000004
Participant_15,Moving,1906.25,18.839999999999918
Participant_15,Moving,1920.64,14.3900000000001
Participant_15,Moving,2071.01,150.37000000000012
Participant_15,Moving,2084.26,13.25
Participant_15,Moving,2108.56,24.299999999999727
Participant_15,Moving,2293.6,185.03999999999996
Participant_15,Moving,2304.24,10.639999999999873
Participant_15,Moving,2313.84,9.600000000000364
Participant_15,Moving,2432.61,118.76999999999998
Participant_15,Moving,2449.39,16.779999999999745
Participant_15,Moving,2465.19,15.800000000000182
Participant_15,Moving,2556.41,91.2199999999998
Participant_15,Moving,2577.72,21.309999999999945
Participant_15,Moving,2600.02,22.300000000000182
Participant_15,Moving,2684.01,83.99000000000024
Participant_15,SemiStationary,357.7,12.75
Participant_15,SemiStationary,395.21,37.50999999999999
Participant_15,SemiStationary,424.14,28.930000000000007
Participant_15,SemiStationary,435.63,11.490000000000009
Participant_15,SemiStationary,480.41,44.78000000000003
Participant_15,SemiStationary,505.12,24.70999999999998
Participant_15,SemiStationary,520.07,14.950000000000045
Participant_15,SemiStationary,554.2,34.129999999999995
Participant_15,SemiStationary,574.67,20.469999999999914
Participant_15,SemiStationary,587.09,12.420000000000073
Participant_15,SemiStationary,629.0,41.90999999999997
Participant_15,SemiStationary,646.07,17.07000000000005
Participant_15,SemiStationary,657.67,11.599999999999909
Participant_15,SemiStationary,709.4,51.73000000000002
Participant_15,SemiStationary,731.94,22.540000000000077
Participant_15,SemiStationary,748.04,16.09999999999991
Participant_15,SemiStationary,769.41,21.370000000000005
Participant_15,SemiStationary,797.59,28.180000000000064
Participant_15,SemiStationary,820.28,22.68999999999994
Participant_15,SemiStationary,844.41,24.129999999999995
Participant_15,Stationary,197.38,11.210000000000008
Participant_15,Stationary,220.61,23.230000000000018
Participant_15,Stationary,239.28,18.669999999999987
Participant_15,Stationary,263.41,24.130000000000024
Participant_15,Stationary,272.61,9.199999999999989
Participant_15,Stationary,290.25,17.639999999999986
Participant_15,Stationary,311.43,21.180000000000007
Participant_15,Stationary,319.0,7.569999999999993
Participant_15,Stationary,335.68,16.680000000000007
Participant_15,Stationary,355.3,19.620000000000005
Participant_15,Stationary,374.2,18.899999999999977
Participant_15,Stationary,393.35,19.150000000000034
Participant_15,Stationary,412.18,18.829999999999984
Participant_15,Stationary,441.01,28.829999999999984
Participant_15,Stationary,460.5,19.49000000000001
Participant_15,Stationary,472.81,12.310000000000002
Participant_15,Stationary,484.6,11.79000000000002
Participant_15,Stationary,501.81,17.20999999999998
Participant_15,Stationary,528.72,26.910000000000025
Participant_15,Stationary,570.6,41.879999999999995
Participant_16,Moving,295.66,17.760000000000048
Participant_16,Moving,351.01,55.349999999999966
Participant_16,Moving,363.19,12.180000000000007
Participant_16,Moving,391.17,27.980000000000018
Participant_16,Moving,402.01,10.839999999999975
Participant_16,Moving,432.1,30.090000000000032
Participant_16,Moving,448.58,16.47999999999996
Participant_16,Moving,475.01,26.430000000000007
Participant_16,Moving,488.59,13.579999999999984
Participant_16,Moving,505.41,16.82000000000005
Participant_16,Moving,539.0,33.589999999999975
Participant_16,Moving,568.54,29.539999999999964
Participant_16,Moving,582.01,13.470000000000027
Participant_16,Moving,611.6,29.590000000000032
Participant_16,Moving,627.73,16.129999999999995
Participant_16,Moving,650.15,22.41999999999996
Participant_16,Moving,687.41,37.25999999999999
Participant_16,Moving,698.34,10.930000000000064
Participant_16,Moving,716.67,18.329999999999927
Participant_16,Moving,737.0,20.33000000000004
Participant_16,SemiStationary,604.47,23.0
Participant_16,SemiStationary,612.21,7.740000000000009
Participant_16,SemiStationary,633.9,21.68999999999994
Participant_16,SemiStationary,642.81,8.909999999999968
Participant_16,SemiStationary,654.41,11.600000000000023
Participant_16,SemiStationary,668.12,13.710000000000036
Participant_16,SemiStationary,693.98,25.860000000000014
Participant_16,SemiStationary,705.6,11.620000000000005
Participant_16,SemiStationary,714.49,8.889999999999986
Participant_16,SemiStationary,729.88,15.389999999999986
Participant_16,SemiStationary,769.81,39.92999999999995
Participant_16,SemiStationary,788.28,18.470000000000027
Participant_16,SemiStationary,799.57,11.290000000000077
Participant_16,SemiStationary,840.61,41.039999999999964
Participant_16,SemiStationary,862.61,22.0
Participant_16,SemiStationary,874.2,11.590000000000032
Participant_16,SemiStationary,932.01,57.809999999999945
Participant_16,SemiStationary,947.85,15.840000000000032
Participant_16,SemiStationary,962.3,14.449999999999932
Participant_16,SemiStationary,1014.21,51.91000000000008
Participant_16,Stationary,621.71,15.740000000000009
Participant_16,Stationary,647.81,26.09999999999991
Participant_16,Stationary,662.23,14.420000000000073
Participant_16,Stationary,703.57,41.34000000000003
Participant_16,Stationary,777.0,73.42999999999995
Participant_16,Stationary,788.32,11.32000000000005
Participant_16,Stationary,805.68,17.3599999999999
Participant_16,Stationary,823.01,17.33000000000004
Participant_16,Stationary,835.51,12.5
Participant_16,Stationary,860.09,24.58000000000004
Participant_16,Stationary,884.61,24.519999999999982
Participant_16,Stationary,893.47,8.860000000000014
Participant_16,Stationary,910.52,17.049999999999955
Participant_16,Stationary,944.21,33.690000000000055
Participant_16,Stationary,956.2,11.990000000000009
Participant_16,Stationary,981.95,25.75
Participant_16,Stationary,995.21,13.259999999999991
Participant_16,Stationary,1002.83,7.6200000000000045
Participant_16,Stationary,1021.5,18.66999999999996
Participant_16,Stationary,1027.21,5.710000000000036
Participant_17,Moving,1237.92,20.529999999999973
Participant_17,Moving,1337.6,99.67999999999984
Participant_17,Moving,1362.47,24.87000000000012
Participant_17,Moving,1387.92,25.450000000000045
Participant_17,Moving,1401.3,13.379999999999882
Participant_17,Moving,1435.34,34.039999999999964
Participant_17,Moving,1526.6,91.25999999999999
Participant_17,Moving,1546.75,20.15000000000009
Participant_17,Moving,1574.31,27.559999999999945
Participant_17,Moving,1727.61,153.29999999999995
Participant_17,Moving,1739.46,11.850000000000136
Participant_17,Moving,1762.55,23.089999999999918
Participant_17,Moving,1798.0,35.450000000000045
Participant_17,Moving,1819.13,21.13000000000011
Participant_17,Moving,1836.1,16.9699999999998
Participant_17,Moving,1892.61,56.50999999999999
Participant_17,Moving,1910.75,18.1400000000001
Participant_17,Moving,1929.45,18.700000000000045
Participant_17,Moving,1983.81,54.3599999999999
Participant_17,SemiStationary,457.86,28.05000000000001
Participant_17,SemiStationary,468.21,10.349999999999966
Participant_17,SemiStationary,488.87,20.660000000000025
Participant_17,SemiStationary,510.45,21.579999999999984
Participant_17,SemiStationary,523.2,12.750000000000057
Participant_17,SemiStationary,540.52,17.319999999999936
Participant_17,SemiStationary,563.19,22.670000000000073
Participant_17,SemiStationary,573.81,10.61999999999989
Participant_17,SemiStationary,589.42,15.610000000000014
Participant_17,SemiStationary,607.91,18.49000000000001
Participant_17,SemiStationary,646.21,38.30000000000007
Participant_17,SemiStationary,667.97,21.75999999999999
Participant_17,SemiStationary,703.24,35.26999999999998
Participant_17,SemiStationary,742.01,38.76999999999998
Participant_17,SemiStationary,774.47,32.460000000000036
Participant_17,SemiStationary,789.16,14.68999999999994
Participant_17,SemiStationary,829.81,40.64999999999998
Participant_17,SemiStationary,848.77,18.960000000000036
Participant_17,SemiStationary,866.06,17.289999999999964
Participant_17,SemiStationary,910.81,44.75
Participant_17,Stationary,296.01,12.240000000000009
Participant_17,Stationary,297.99,1.9800000000000182
Participant_17,Stationary,308.55,10.560000000000002
Participant_17,Stationary,338.89,30.339999999999975
Participant_17,Stationary,364.61,25.720000000000027
Participant_17,Stationary,392.43,27.819999999999993
Participant_17,Stationary,409.03,16.599999999999966
Participant_17,Stationary,417.61,8.580000000000041
Participant_17,Stationary,436.4,18.789999999999964
Participant_17,Stationary,448.66,12.260000000000048
Participant_17,Stationary,467.2,18.539999999999964
Participant_17,Stationary,481.06,13.860000000000014
Participant_17,Stationary,490.41,9.350000000000023
Participant_17,Stationary,504.37,13.95999999999998
Participant_17,Stationary,523.81,19.43999999999994
Participant_17,Stationary,525.02,1.2100000000000364
Participant_17,Stationary,549.04,24.019999999999982
Participant_17,Stationary,564.81,15.769999999999982
Participant_17,Stationary,570.01,5.2000000000000455
Participant_17,Stationary,586.53,16.519999999999982
Participant_18,Moving,486.02,16.49000000000001
Participant_18,Moving,501.0,14.980000000000018
Participant_18,Moving,522.15,21.149999999999977
Participant_18,Moving,549.12,26.970000000000027
Participant_18,Moving,596.0,46.879999999999995
Participant_18,Moving,644.68,48.67999999999995
Participant_18,Moving,673.67,28.99000000000001
Participant_18,Moving,717.81,44.139999999999986
Participant_18,Moving,747.05,29.24000000000001
Participant_18,Moving,766.62,19.57000000000005
Participant_18,Moving,787.81,21.18999999999994
Participant_18,Moving,802.69,14.88000000000011
Participant_18,Moving,824.92,22.229999999999905
Participant_18,Moving,877.81,52.889999999999986
Participant_18,Moving,899.82,22.010000000000105
Participant_18,Moving,921.48,21.659999999999968
Participant_18,Moving,950.2,28.720000000000027
Participant_18,Moving,964.91,14.709999999999923
Participant_18,Moving,982.53,17.620000000000005
Participant_18,Moving,1010.61,28.08000000000004
Participant_18,SemiStationary,477.09,18.71999999999997
Participant_18,SemiStationary,495.2,18.110000000000014
Participant_18,SemiStationary,523.25,28.05000000000001
Participant_18,SemiStationary,541.89,18.639999999999986
Participant_18,SemiStationary,568.61,26.720000000000027
Participant_18,SemiStationary,584.67,16.059999999999945
Participant_18,SemiStationary,601.66,16.99000000000001
Participant_18,SemiStationary,633.4,31.74000000000001
Participant_18,SemiStationary,649.24,15.840000000000032
Participant_18,SemiStationary,665.18,15.93999999999994
Participant_18,SemiStationary,686.6,21.420000000000073
Participant_18,SemiStationary,714.29,27.68999999999994
Participant_18,SemiStationary,731.35,17.06000000000006
Participant_18,SemiStationary,781.01,49.65999999999997
Participant_18,SemiStationary,796.27,15.259999999999991
Participant_18,SemiStationary,815.66,19.389999999999986
Participant_18,SemiStationary,860.61,44.950000000000045
Participant_18,SemiStationary,875.5,14.889999999999986
Participant_18,SemiStationary,894.73,19.230000000000018
Participant_18,SemiStationary,902.41,7.67999999999995
Participant_18,Stationary,1566.91,16.160000000000082
Participant_18,Stationary,1595.6,28.689999999999827
Participant_18,Stationary,1619.93,24.330000000000155
Participant_18,Stationary,1650.99,31.059999999999945
Participant_18,Stationary,1691.41,40.42000000000007
Participant_18,Stationary,1704.08,12.669999999999845
Participant_18,Stationary,1723.97,19.8900000000001
Participant_18,Stationary,1748.2,24.230000000000018
Participant_18,Stationary,1768.26,20.059999999999945
Participant_18,Stationary,1786.73,18.470000000000027
Participant_18,Stationary,1841.4,54.67000000000007
Participant_18,Stationary,1854.0,12.599999999999909
Participant_18,Stationary,1868.45,14.450000000000045
Participant_18,Stationary,1894.21,25.75999999999999
Participant_18,Stationary,1914.76,20.549999999999955
Participant_18,Stationary,1931.69,16.930000000000064
Participant_18,Stationary,1956.01,24.319999999999936
Participant_18,Stationary,1972.59,16.579999999999927
Participant_18,Stationary,1996.63,24.04000000000019
Participant_18,Stationary,1998.2,1.5699999999999363
Participant_19,Moving,436.01,11.120000000000005
Participant_19,Moving,439.07,3.0600000000000023
Participant_19,Moving,462.89,23.819999999999993
Participant_19,Moving,475.77,12.879999999999995
Participant_19,Moving,535.61,59.84000000000003
Participant_19,Moving,547.97,12.360000000000014
Participant_19,Moving,584.63,36.65999999999997
Participant_19,Moving,608.6,23.970000000000027
Participant_19,Moving,624.62,16.019999999999982
Participant_19,Moving,635.87,11.25
Participant_19,Moving,726.0,90.13
Participant_19,Moving,747.92,21.91999999999996
Participant_19,Moving,768.71,20.790000000000077
Participant_19,Moving,816.2,47.49000000000001
Participant_19,Moving,841.96,25.75999999999999
Participant_19,Moving,857.77,15.809999999999945
Participant_19,Moving,884.41,26.639999999999986
Participant_19,Moving,896.31,11.899999999999977
Participant_19,Moving,906.56,10.25
Participant_19,Moving,941.61,35.05000000000007
Participant_19,SemiStationary,1425.18,19.40000000000009
Participant_19,SemiStationary,1446.8,21.61999999999989
Participant_19,SemiStationary,1462.89,16.090000000000146
Participant_19,SemiStationary,1487.99,25.09999999999991
Participant_19,SemiStationary,1518.61,30.61999999999989
Participant_19,SemiStationary,1534.8,16.190000000000055
Participant_19,SemiStationary,1548.3,13.5
Participant_19,SemiStationary,1579.6,31.299999999999955
Participant_19,SemiStationary,1601.01,21.410000000000082
Participant_19,SemiStationary,1617.98,16.970000000000027
Participant_19,SemiStationary,1651.81,33.82999999999993
Participant_19,SemiStationary,1668.65,16.840000000000146
Participant_19,SemiStationary,1685.84,17.189999999999827
Participant_19,SemiStationary,1710.21,24.37000000000012
Participant_19,SemiStationary,1722.38,12.170000000000073
Participant_19,SemiStationary,1743.78,21.399999999999864
Participant_19,SemiStationary,1746.01,2.230000000000018
Participant_19,SemiStationary,1772.33,26.319999999999936
Participant_19,SemiStationary,1784.76,12.430000000000064
Participant_19,SemiStationary,1814.01,29.25
Participant_19,Stationary,185.0,11.289999999999992
Participant_19,Stationary,188.74,3.740000000000009
Participant_19,Stationary,215.47,26.72999999999999
Participant_19,Stationary,233.57,18.099999999999994
Participant_19,Stationary,256.2,22.629999999999995
Participant_19,Stationary,274.72,18.52000000000004
Participant_19,Stationary,289.29,14.569999999999993
Participant_19,Stationary,345.2,55.90999999999997
Participant_19,Stationary,355.36,10.160000000000025
Participant_19,Stationary,368.22,12.860000000000014
Participant_19,Stationary,388.21,19.989999999999952
Participant_19,Stationary,428.96,40.75
Participant_19,Stationary,442.26,13.300000000000011
Participant_19,Stationary,456.6,14.340000000000032
Participant_19,Stationary,475.01,18.409999999999968
Participant_19,Stationary,476.64,1.6299999999999955
Participant_19,Stationary,506.27,29.629999999999995
Participant_19,Stationary,526.37,20.100000000000023
Participant_19,Stationary,542.93,16.559999999999945
Participant_19,Stationary,668.8,125.87
Participant_2,Moving,833.58,30.190000000000055
Participant_2,Moving,839.4,5.819999999999936
Participant_2,Moving,864.86,25.460000000000036
Participant_2,Moving,882.57,17.710000000000036
Participant_2,Moving,886.54,3.9699999999999136
Participant_2,Moving,900.4,13.860000000000014
Participant_2,Moving,928.79,28.389999999999986
Participant_2,Moving,946.55,17.75999999999999
Participant_2,Moving,965.8,19.25
Participant_2,Moving,984.34,18.540000000000077
Participant_2,Moving,1004.76,20.41999999999996
Participant_2,Moving,1023.8,19.039999999999964
Participant_2,Moving,1044.68,20.88000000000011
Participant_2,Moving,1050.41,5.730000000000018
Participant_2,Moving,1061.65,11.240000000000009
Participant_2,Moving,1067.34,5.689999999999827
Participant_2,Moving,1106.77,39.430000000000064
Participant_2,Moving,1124.3,17.529999999999973
Participant_2,Moving,1128.6,4.2999999999999545
Participant_2,Moving,1149.1,20.5
Participant_2,Moving,1172.52,23.420000000000073
Participant_2,Moving,1189.81,17.289999999999964
Participant_2,SemiStationary,59.44,2.4399999999999977
Participant_2,SemiStationary,83.11,23.67
Participant_2,SemiStationary,100.81,17.700000000000003
Participant_2,SemiStationary,114.82,14.009999999999991
Participant_2,SemiStationary,122.82,8.0
Participant_2,SemiStationary,133.43,10.610000000000014
Participant_2,SemiStationary,146.12,12.689999999999998
Participant_2,SemiStationary,153.11,6.990000000000009
Participant_2,SemiStationary,166.47,13.359999999999985
Participant_2,SemiStationary,189.8,23.330000000000013
Participant_2,SemiStationary,206.93,17.129999999999995
Participant_2,SemiStationary,220.61,13.680000000000007
Participant_2,SemiStationary,226.11,5.5
Participant_2,SemiStationary,245.86,19.75
Participant_2,SemiStationary,280.62,34.75999999999999
Participant_2,SemiStationary,323.8,43.18000000000001
Participant_2,SemiStationary,340.12,16.319999999999993
Participant_2,SemiStationary,354.41,14.29000000000002
Participant_2,SemiStationary,363.67,9.259999999999991
Participant_2,SemiStationary,387.88,24.20999999999998
Participant_2,SemiStationary,391.4,3.519999999999982
Participant_2,SemiStationary,417.74,26.340000000000032
Participant_2,SemiStationary,444.81,27.069999999999993
Participant_2,Stationary,60.87,9.449999999999996
Participant_2,Stationary,65.2,4.330000000000005
Participant_2,Stationary,82.67,17.47
Participant_2,Stationary,91.6,8.929999999999993
Participant_2,Stationary,98.23,6.63000000000001
Participant_2,Stationary,109.6,11.36999999999999
Participant_2,Stationary,117.21,7.609999999999999
Participant_2,Stationary,124.75,7.540000000000006
Participant_2,Stationary,135.81,11.060000000000002
Participant_2,Stationary,136.74,0.9300000000000068
Participant_2,Stationary,147.21,10.469999999999999
Participant_2,Stationary,156.83,9.620000000000005
Participant_2,Stationary,164.0,7.1699999999999875
Participant_2,Stationary,185.57,21.569999999999993
Participant_2,Stationary,195.41,9.840000000000003
Participant_2,Stationary,196.64,1.2299999999999898
Participant_2,Stationary,216.17,19.53
Participant_2,Stationary,225.35,9.180000000000007
Participant_2,Stationary,238.87,13.52000000000001
Participant_2,Stationary,241.01,2.1399999999999864
Participant_2,Stationary,253.85,12.840000000000003
Participant_2,Stationary,263.21,9.359999999999985
Participant_2,Stationary,267.1,3.890000000000043
Participant_3,Moving,996.81,12.639999999999986
Participant_3,Moving,1029.4,32.590000000000146
Participant_3,Moving,1052.15,22.75
Participant_3,Moving,1069.08,16.929999999999836
Participant_3,Moving,1123.41,54.330000000000155
Participant_3,Moving,1141.97,18.559999999999945
Participant_3,Moving,1153.65,11.680000000000064
Participant_3,Moving,1161.19,7.539999999999964
Participant_3,Moving,1183.41,22.220000000000027
Participant_3,Moving,1192.53,9.11999999999989
Participant_3,Moving,1202.77,10.240000000000009
Participant_3,Moving,1241.81,39.039999999999964
Participant_3,Moving,1261.18,19.37000000000012
Participant_3,Moving,1277.82,16.639999999999873
Participant_3,Moving,1319.41,41.590000000000146
Participant_3,Moving,1335.42,16.00999999999999
Participant_3,Moving,1351.93,16.50999999999999
Participant_3,Moving,1367.41,15.480000000000018
Participant_3,Moving,1385.53,18.11999999999989
Participant_3,Moving,1398.17,12.6400000000001
Participant_3,Moving,1405.81,7.639999999999873
Participant_3,SemiStationary,93.42,17.049999999999997
Participant_3,SemiStationary,155.21,61.790000000000006
Participant_3,SemiStationary,172.68,17.47
Participant_3,SemiStationary,193.73,21.049999999999983
Participant_3,SemiStationary,223.0,29.27000000000001
Participant_3,SemiStationary,242.12,19.120000000000005
Participant_3,SemiStationary,256.43,14.310000000000002
Participant_3,SemiStationary,269.2,12.769999999999982
Participant_3,SemiStationary,282.08,12.879999999999995
Participant_3,SemiStationary,298.49,16.410000000000025
Participant_3,SemiStationary,319.0,20.50999999999999
Participant_3,SemiStationary,337.62,18.620000000000005
Participant_3,SemiStationary,352.2,14.579999999999984
Participant_3,SemiStationary,354.91,2.7100000000000364
Participant_3,SemiStationary,367.45,12.539999999999964
Participant_3,SemiStationary,384.2,16.75
Participant_3,SemiStationary,407.41,23.210000000000036
Participant_3,SemiStationary,424.51,17.099999999999966
Participant_3,SemiStationary,444.62,20.110000000000014
Participant_3,SemiStationary,465.61,20.99000000000001
Participant_3,Stationary,398.41,7.910000000000025
Participant_3,Stationary,399.81,1.3999999999999773
Participant_3,Stationary,409.02,9.20999999999998
Participant_3,Stationary,420.76,11.740000000000009
Participant_3,Stationary,437.24,16.480000000000018
Participant_3,Stationary,449.6,12.360000000000014
Participant_3,Stationary,461.55,11.949999999999989
Participant_3,Stationary,480.19,18.639999999999986
Participant_3,Stationary,498.41,18.220000000000027
Participant_3,Stationary,508.46,10.049999999999955
Participant_3,Stationary,518.38,9.920000000000016
Participant_3,Stationary,534.61,16.230000000000018
Participant_3,Stationary,555.21,20.600000000000023
Participant_3,Stationary,560.76,5.5499999999999545
Participant_3,Stationary,573.28,12.519999999999982
Participant_3,Stationary,577.42,4.139999999999986
Participant_3,Stationary,583.47,6.050000000000068
Participant_3,Stationary,600.97,17.5
Participant_3,Stationary,632.61,31.639999999999986
Participant_3,Stationary,642.94,10.330000000000041
Participant_3,Stationary,654.2,11.259999999999991
Participant_3,Stationary,665.61,11.409999999999968
Participant_4,Moving,1024.84,11.139999999999873
Participant_4,Moving,1085.6,60.75999999999999
Participant_4,Moving,1095.52,9.920000000000073
Participant_4,Moving,1143.81,48.289999999999964
Participant_4,Moving,1201.2,57.3900000000001
Participant_4,Moving,1218.13,16.930000000000064
Participant_4,Moving,1230.66,12.529999999999973
Participant_4,Moving,1236.79,6.129999999999882
Participant_4,Moving,1246.81,10.019999999999982
Participant_4,Moving,1261.12,14.309999999999945
Participant_4,Moving,1274.0,12.88000000000011
Participant_4,Moving,1286.21,12.210000000000036
Participant_4,Moving,1303.09,16.87999999999988
Participant_4,Moving,1320.77,17.680000000000064
Participant_4,Moving,1352.21,31.440000000000055
Participant_4,Moving,1368.09,15.879999999999882
Participant_4,Moving,1391.92,23.830000000000155
Participant_4,Moving,1431.2,39.27999999999997
Participant_4,Moving,1445.19,13.990000000000009
Participant_4,Moving,1457.92,12.730000000000018
Participant_4,Moving,1526.8,68.87999999999988
Participant_4,SemiStationary,519.79,13.039999999999964
Participant_4,SemiStationary,556.6,36.81000000000006
Participant_4,SemiStationary,579.88,23.279999999999973
Participant_4,SemiStationary,590.45,10.57000000000005
Participant_4,SemiStationary,596.22,5.769999999999982
Participant_4,SemiStationary,653.01,56.789999999999964
Participant_4,SemiStationary,671.84,18.83000000000004
Participant_4,SemiStationary,686.94,15.100000000000023
Participant_4,SemiStationary,720.21,33.26999999999998
Participant_4,SemiStationary,739.29,19.079999999999927
Participant_4,SemiStationary,750.45,11.160000000000082
Participant_4,SemiStationary,774.81,24.3599999999999
Participant_4,SemiStationary,789.56,14.75
Participant_4,SemiStationary,808.38,18.82000000000005
Participant_4,SemiStationary,834.0,25.620000000000005
Participant_4,SemiStationary,857.3,23.299999999999955
Participant_4,SemiStationary,867.24,9.940000000000055
Participant_4,SemiStationary,872.48,5.240000000000009
Participant_4,SemiStationary,930.21,57.73000000000002
Participant_4,SemiStationary,948.07,17.860000000000014
Participant_4,SemiStationary,968.61,20.539999999999964
Participant_4,SemiStationary,1003.81,35.19999999999993
Participant_4,Stationary,237.48,13.759999999999991
Participant_4,Stationary,273.01,35.53
Participant_4,Stationary,294.03,21.019999999999982
Participant_4,Stationary,304.27,10.240000000000009
Participant_4,Stationary,323.4,19.129999999999995
Participant_4,Stationary,349.23,25.83000000000004
Participant_4,Stationary,360.29,11.060000000000002
Participant_4,Stationary,367.81,7.519999999999982
Participant_4,Stationary,390.6,22.79000000000002
Participant_4,Stationary,405.95,15.349999999999966
Participant_4,Stationary,416.49,10.54000000000002
Participant_4,Stationary,425.81,9.319999999999993
Participant_4,Stationary,442.83,17.019999999999982
Participant_4,Stationary,462.12,19.29000000000002
Participant_4,Stationary,493.41,31.29000000000002
Participant_4,Stationary,509.74,16.329999999999984
Participant_4,Stationary,530.69,20.950000000000045
Participant_4,Stationary,558.2,27.50999999999999
Participant_4,Stationary,573.73,15.529999999999973
Participant_4,Stationary,592.65,18.91999999999996
Participant_4,Stationary,616.61,23.960000000000036
Participant_5,Moving,294.08,28.120000000000005
Participant_5,Moving,345.41,51.33000000000004
Participant_5,Moving,389.31,43.89999999999998
Participant_5,Moving,402.8,13.490000000000009
Participant_5,Moving,416.36,13.560000000000002
Participant_5,Moving,429.55,13.189999999999998
Participant_5,Moving,447.23,17.680000000000007
Participant_5,Moving,493.21,45.97999999999996
Participant_5,Moving,518.83,25.62000000000006
Participant_5,Moving,536.84,18.00999999999999
Participant_5,Moving,556.6,19.75999999999999
Participant_5,Moving,580.85,24.25
Participant_5,Moving,592.66,11.809999999999945
Participant_5,Moving,616.4,23.74000000000001
Participant_5,Moving,642.08,25.680000000000064
Participant_5,Moving,671.59,29.50999999999999
Participant_5,Moving,697.01,25.41999999999996
Participant_5,Moving,714.24,17.230000000000018
Participant_5,Moving,740.44,26.200000000000045
Participant_5,Moving,758.61,18.16999999999996
Participant_5,SemiStationary,866.28,20.74000000000001
Participant_5,SemiStationary,877.81,11.529999999999973
Participant_5,SemiStationary,897.97,20.160000000000082
Participant_5,SemiStationary,921.94,23.970000000000027
Participant_5,SemiStationary,979.61,57.66999999999996
Participant_5,SemiStationary,995.59,15.980000000000018
Participant_5,SemiStationary,1009.25,13.659999999999968
Participant_5,SemiStationary,1041.41,32.16000000000008
Participant_5,SemiStationary,1053.56,12.149999999999864
Participant_5,SemiStationary,1093.89,40.330000000000155
Participant_5,SemiStationary,1135.21,41.319999999999936
Participant_5,SemiStationary,1149.91,14.700000000000045
Participant_5,SemiStationary,1174.64,24.730000000000018
Participant_5,SemiStationary,1191.81,17.169999999999845
Participant_5,SemiStationary,1202.7,10.8900000000001
Participant_5,SemiStationary,1224.94,22.24000000000001
Participant_5,SemiStationary,1266.01,41.069999999999936
Participant_5,SemiStationary,1288.37,22.3599999999999
Participant_5,SemiStationary,1302.35,13.980000000000018
Participant_5,SemiStationary,1335.21,32.86000000000013
Participant_5,Stationary,529.55,14.149999999999977
Participant_5,Stationary,556.2,26.65000000000009
Participant_5,Stationary,569.21,13.009999999999991
Participant_5,Stationary,593.45,24.24000000000001
Participant_5,Stationary,636.0,42.549999999999955
Participant_5,Stationary,654.35,18.350000000000023
Participant_5,Stationary,669.52,15.169999999999959
Participant_5,Stationary,690.21,20.690000000000055
Participant_5,Stationary,701.78,11.569999999999936
Participant_5,Stationary,714.55,12.769999999999982
Participant_5,Stationary,733.01,18.460000000000036
Participant_5,Stationary,751.59,18.58000000000004
Participant_5,Stationary,763.97,12.379999999999995
Participant_5,Stationary,769.01,5.039999999999964
Participant_5,Stationary,783.62,14.610000000000014
Participant_5,Stationary,795.8,12.17999999999995
Participant_5,Stationary,804.6,8.800000000000068
Participant_5,Stationary,823.16,18.559999999999945
Participant_5,Stationary,834.58,11.420000000000073
Participant_5,Stationary,865.81,31.229999999999905
Participant_6,Moving,889.17,10.0
Participant_6,Moving,925.2,36.030000000000086
Participant_6,Moving,945.05,19.84999999999991
Participant_6,Moving,958.61,13.56000000000006
Participant_6,Moving,1026.41,67.80000000000007
Participant_6,Moving,1049.58,23.169999999999845
Participant_6,Moving,1067.88,18.300000000000182
Participant_6,Moving,1122.41,54.52999999999997
Participant_6,Moving,1142.55,20.139999999999873
Participant_6,Moving,1158.76,16.210000000000036
Participant_6,Moving,1187.0,28.24000000000001
Participant_6,Moving,1202.75,15.75
Participant_6,Moving,1222.44,19.690000000000055
Participant_6,Moving,1270.81,48.36999999999989
Participant_6,Moving,1289.24,18.430000000000064
Participant_6,Moving,1304.07,14.829999999999927
Participant_6,Moving,1321.21,17.1400000000001
Participant_6,Moving,1336.33,15.11999999999989
Participant_6,Moving,1346.67,10.340000000000146
Participant_6,Moving,1364.6,17.929999999999836
Participant_6,SemiStationary,335.01,7.560000000000002
Participant_6,SemiStationary,353.82,18.810000000000002
Participant_6,SemiStationary,370.3,16.480000000000018
Participant_6,SemiStationary,397.31,27.00999999999999
Participant_6,SemiStationary,416.21,18.899999999999977
Participant_6,SemiStationary,434.5,18.29000000000002
Participant_6,SemiStationary,447.01,12.509999999999991
Participant_6,SemiStationary,480.55,33.54000000000002
Participant_6,SemiStationary,494.55,14.0
Participant_6,SemiStationary,507.5,12.949999999999989
Participant_6,SemiStationary,522.81,15.309999999999945
Participant_6,SemiStationary,538.74,15.930000000000064
Participant_6,SemiStationary,558.76,20.019999999999982
Participant_6,SemiStationary,562.2,3.4400000000000546
Participant_6,SemiStationary,582.44,20.24000000000001
Participant_6,SemiStationary,593.6,11.159999999999968
Participant_6,SemiStationary,597.55,3.949999999999932
Participant_6,SemiStationary,611.16,13.610000000000014
Participant_6,SemiStationary,624.11,12.950000000000045
Participant_6,SemiStationary,627.0,2.8899999999999864
Participant_6,Stationary,796.23,16.649999999999977
Participant_6,Stationary,816.01,19.779999999999973
Participant_6,Stationary,835.71,19.700000000000045
Participant_6,Stationary,853.0,17.289999999999964
Participant_6,Stationary,862.94,9.940000000000055
Participant_6,Stationary,877.16,14.219999999999914
Participant_6,Stationary,897.86,20.700000000000045
Participant_6,Stationary,906.0,8.139999999999986
Participant_6,Stationary,906.21,0.21000000000003638
Participant_6,Stationary,919.43,13.219999999999914
Participant_6,Stationary,932.49,13.06000000000006
Participant_6,Stationary,947.75,15.259999999999991
Participant_6,Stationary,956.28,8.529999999999973
Participant_6,Stationary,973.41,17.129999999999995
Participant_6,Stationary,991.01,17.600000000000023
Participant_6,Stationary,1007.21,16.200000000000045
Participant_6,Stationary,1040.81,33.59999999999991
Participant_6,Stationary,1041.0,0.19000000000005457
Participant_6,Stationary,1069.5,28.5
Participant_6,Stationary,1085.9,16.40000000000009
Participant_7,Moving,302.72,17.760000000000048
Participant_7,Moving,336.8,34.079999999999984
Participant_7,Moving,363.55,26.75
Participant_7,Moving,380.96,17.409999999999968
Participant_7,Moving,420.21,39.25
Participant_7,Moving,440.77,20.560000000000002
Participant_7,Moving,458.73,17.960000000000036
Participant_7,Moving,492.2,33.46999999999997
Participant_7,Moving,517.82,25.62000000000006
Participant_7,Moving,528.15,10.329999999999927
Participant_7,Moving,566.8,38.64999999999998
Participant_7,Moving,580.82,14.020000000000095
Participant_7,Moving,596.24,15.419999999999959
Participant_7,Moving,633.6,37.360000000000014
Participant_7,Moving,642.61,9.009999999999991
Participant_7,Moving,658.32,15.710000000000036
Participant_7,Moving,739.21,80.88999999999999
Participant_7,Moving,754.04,14.829999999999927
Participant_7,Moving,767.13,13.090000000000032
Participant_7,Moving,833.81,66.67999999999995
Participant_7,SemiStationary,780.77,16.139999999999986
Participant_7,SemiStationary,797.21,16.440000000000055
Participant_7,SemiStationary,808.72,11.509999999999991
Participant_7,SemiStationary,836.23,27.50999999999999
Participant_7,SemiStationary,867.42,31.18999999999994
Participant_7,SemiStationary,880.93,13.509999999999991
Participant_7,SemiStationary,902.57,21.6400000000001
Participant_7,SemiStationary,914.6,12.029999999999973
Participant_7,SemiStationary,931.32,16.720000000000027
Participant_7,SemiStationary,945.96,14.639999999999986
Participant_7,SemiStationary,979.8,33.83999999999992
Participant_7,SemiStationary,987.94,8.1400000000001
Participant_7,SemiStationary,1003.44,15.5
Participant_7,SemiStationary,1051.0,47.559999999999945
Participant_7,SemiStationary,1070.08,19.079999999999927
Participant_7,SemiStationary,1089.11,19.029999999999973
Participant_7,SemiStationary,1169.4,80.29000000000019
Participant_7,SemiStationary,1187.33,17.929999999999836
Participant_7,SemiStationary,1198.9,11.570000000000164
Participant_7,SemiStationary,1231.2,32.299999999999955
Participant_7,Stationary,187.73,13.509999999999991
Participant_7,Stationary,200.8,13.070000000000022
Participant_7,Stationary,209.59,8.789999999999992
Participant_7,Stationary,227.96,18.370000000000005
Participant_7,Stationary,263.21,35.24999999999997
Participant_7,Stationary,281.22,18.010000000000048
Participant_7,Stationary,293.08,11.859999999999957
Participant_7,Stationary,308.81,15.730000000000018
Participant_7,Stationary,323.91,15.100000000000023
Participant_7,Stationary,341.96,18.049999999999955
Participant_7,Stationary,364.0,22.04000000000002
Participant_7,Stationary,382.47,18.470000000000027
Participant_7,Stationary,396.68,14.20999999999998
Participant_7,Stationary,422.81,26.129999999999995
Participant_7,Stationary,437.33,14.519999999999982
Participant_7,Stationary,453.53,16.19999999999999
Participant_7,Stationary,464.81,11.28000000000003
Participant_7,Stationary,488.76,23.94999999999999
Participant_7,Stationary,496.41,7.650000000000034
Participant_7,Stationary,500.54,4.1299999999999955
Participant_8,Moving,437.59,18.25999999999999
Participant_8,Moving,467.81,30.220000000000027
Participant_8,Moving,489.08,21.269999999999982
Participant_8,Moving,496.61,7.53000000000003
Participant_8,Moving,512.2,15.590000000000032
Participant_8,Moving,526.94,14.740000000000009
Participant_8,Moving,558.57,31.629999999999995
Participant_8,Moving,577.6,19.029999999999973
Participant_8,Moving,600.87,23.269999999999982
Participant_8,Moving,614.21,13.340000000000032
Participant_8,Moving,625.21,11.0
Participant_8,Moving,650.5,25.289999999999964
Participant_8,Moving,668.0,17.5
Participant_8,Moving,695.01,27.00999999999999
Participant_8,Moving,706.76,11.75
Participant_8,Moving,732.22,25.460000000000036
Participant_8,Moving,753.81,21.589999999999918
Participant_8,Moving,781.36,27.550000000000068
Participant_8,Moving,799.43,18.069999999999936
Participant_8,Moving,809.61,10.180000000000064
Participant_8,SemiStationary,997.13,18.83000000000004
Participant_8,SemiStationary,1019.21,22.08000000000004
Participant_8,SemiStationary,1040.17,20.960000000000036
Participant_8,SemiStationary,1060.96,20.789999999999964
Participant_8,SemiStationary,1091.21,30.25
Participant_8,SemiStationary,1109.5,18.289999999999964
Participant_8,SemiStationary,1124.82,15.319999999999936
Participant_8,SemiStationary,1180.01,55.190000000000055
Participant_8,SemiStationary,1198.37,18.3599999999999
Participant_8,SemiStationary,1218.37,20.0
Participant_8,SemiStationary,1238.01,19.6400000000001
Participant_8,SemiStationary,1249.73,11.720000000000027
Participant_8,SemiStationary,1264.52,14.789999999999964
Participant_8,SemiStationary,1288.21,23.690000000000055
Participant_8,SemiStationary,1318.35,30.139999999999873
Participant_8,SemiStationary,1332.81,14.460000000000036
Participant_8,SemiStationary,1337.89,5.080000000000155
Participant_8,SemiStationary,1355.25,17.3599999999999
Participant_8,SemiStationary,1379.26,24.00999999999999
Participant_8,SemiStationary,1404.01,24.75
Participant_8,Stationary,262.4,11.519999999999982
Participant_8,Stationary,264.4,2.0
Participant_8,Stationary,289.95,25.55000000000001
Participant_8,Stationary,302.81,12.860000000000014
Participant_8,Stationary,307.96,5.149999999999977
Participant_8,Stationary,319.98,12.020000000000039
Participant_8,Stationary,354.76,34.77999999999997
Participant_8,Stationary,360.61,5.850000000000023
Participant_8,Stationary,371.0,10.389999999999986
Participant_8,Stationary,388.2,17.19999999999999
Participant_8,Stationary,400.61,12.410000000000025
Participant_8,Stationary,411.1,10.490000000000009
Participant_8,Stationary,423.81,12.70999999999998
Participant_8,Stationary,431.15,7.339999999999975
Participant_8,Stationary,454.78,23.629999999999995
Participant_8,Stationary,461.4,6.6200000000000045
Participant_8,Stationary,471.11,9.710000000000036
Participant_8,Stationary,487.23,16.120000000000005
Participant_8,Stationary,493.2,5.96999999999997
Participant_8,Stationary,503.76,10.560000000000002
Participant_9,Moving,631.15,9.370000000000005
Participant_9,Moving,691.0,59.85000000000002
Participant_9,Moving,711.99,20.99000000000001
Participant_9,Moving,733.04,21.049999999999955
Participant_9,Moving,789.21,56.17000000000007
Participant_9,Moving,806.65,17.43999999999994
Participant_9,Moving,817.98,11.330000000000041
Participant_9,Moving,868.61,50.629999999999995
Participant_9,Moving,881.8,13.18999999999994
Participant_9,Moving,902.47,20.670000000000073
Participant_9,Moving,961.81,59.33999999999992
Participant_9,Moving,980.78,18.970000000000027
Participant_9,Moving,1001.2,20.420000000000073
Participant_9,Moving,1034.01,32.809999999999945
Participant_9,Moving,1044.75,10.740000000000009
Participant_9,Moving,1071.24,26.49000000000001
Participant_9,Moving,1103.8,32.559999999999945
Participant_9,Moving,1121.19,17.3900000000001
Participant_9,Moving,1178.53,57.33999999999992
Participant_9,Moving,1248.81,70.27999999999997
Participant_9,SemiStationary,339.25,11.54000000000002
Participant_9,SemiStationary,354.8,15.550000000000011
Participant_9,SemiStationary,373.29,18.49000000000001
Participant_9,SemiStationary,393.76,20.46999999999997
Participant_9,SemiStationary,417.41,23.650000000000034
Participant_9,SemiStationary,435.65,18.239999999999952
Participant_9,SemiStationary,446.21,10.560000000000002
Participant_9,SemiStationary,489.6,43.39000000000004
Participant_9,SemiStationary,500.14,10.539999999999964
Participant_9,SemiStationary,514.42,14.279999999999973
Participant_9,SemiStationary,531.81,17.389999999999986
Participant_9,SemiStationary,545.87,14.06000000000006
Participant_9,SemiStationary,553.21,7.340000000000032
Participant_9,SemiStationary,559.9,6.689999999999941
Participant_9,SemiStationary,575.8,15.899999999999977
Participant_9,SemiStationary,591.81,16.00999999999999
Participant_9,SemiStationary,594.17,2.3600000000000136
Participant_9,SemiStationary,610.06,15.889999999999986
Participant_9,SemiStationary,627.11,17.050000000000068
Participant_9,SemiStationary,637.61,10.5
Participant_9,Stationary,310.81,9.360000000000014
Participant_9,Stationary,315.2,4.389999999999986
Participant_9,Stationary,329.47,14.270000000000039
Participant_9,Stationary,348.04,18.569999999999993
Participant_9,Stationary,366.61,18.569999999999993
Participant_9,Stationary,401.46,34.849999999999966
Participant_9,Stationary,408.01,6.550000000000011
Participant_9,Stationary,412.93,4.920000000000016
Participant_9,Stationary,423.73,10.800000000000011
Participant_9,Stationary,433.6,9.870000000000005
Participant_9,Stationary,440.14,6.539999999999964
Participant_9,Stationary,453.72,13.580000000000041
Participant_9,Stationary,467.14,13.419999999999959
Participant_9,Stationary,475.61,8.470000000000027
Participant_9,Stationary,488.94,13.329999999999984
Participant_9,Stationary,500.8,11.860000000000014
Participant_9,Stationary,508.22,7.420000000000016
Participant_9,Stationary,521.37,13.149999999999977
Participant_9,Stationary,537.41,16.039999999999964
Participant_9,Stationary,538.06,0.6499999999999773
